Workbook
Name \a: #REF!
Name \b: #REF!
Name _: #REF!,#REF!,#REF!,#REF!,#REF!,#REF!,#REF!,#REF!,#REF!,#REF!
Name _: #REF!,#REF!,#REF!,#REF!,#REF!,#REF!,#REF!,#REF!,#REF!,#REF!
Name _: #REF!,#REF!,#REF!,#REF!,#REF!,#REF!,#REF!,#REF!,#REF!,#REF!
Name _: #REF!,#REF!,#REF!,#REF!,#REF!,#REF!,#REF!,#REF!,#REF!,#REF!
Name _: #REF!,#REF!,#REF!,#REF!,#REF!,#REF!,#REF!,#REF!,#REF!,#REF!
Name _: #REF!,#REF!,#REF!,#REF!,#REF!,#REF!,#REF!,#REF!,#REF!,#REF!
Name _: #REF!,#REF!,#REF!,#REF!,#REF!,#REF!,#REF!,#REF!,#REF!,#REF!
Name _: #REF!,#REF!,#REF!,#REF!,#REF!,#REF!,#REF!,#REF!,#REF!,#REF!
Name _: #REF!,#REF!,#REF!,#REF!,#REF!,#REF!,#REF!,#REF!,#REF!,#REF!
Name _: #REF!,#REF!,#REF!,#REF!,#REF!,#REF!,#REF!,#REF!,#REF!,#REF!
Name _: #REF!,#REF!,#REF!,#REF!,#REF!,#REF!,#REF!,#REF!,#REF!,#REF!
Name _: #REF!,#REF!,#REF!,#REF!,#REF!,#REF!,#REF!,#REF!,#REF!,#REF!
Name _: #REF!,#REF!,#REF!,#REF!,#REF!,#REF!,#REF!,#REF!,#REF!,#REF!
Name _: #REF!,#REF!,#REF!,#REF!,#REF!,#REF!,#REF!,#REF!,#REF!,#REF!
Name _: #REF!,#REF!,#REF!,#REF!,#REF!,#REF!,#REF!,#REF!,#REF!,#REF!
Name _: #REF!,#REF!,#REF!,#REF!,#REF!,#REF!,#REF!,#REF!,#REF!,#REF!
Name _: #REF!,#REF!,#REF!,#REF!,#REF!,#REF!,#REF!,#REF!,#REF!,#REF!
Name _: #REF!,#REF!,#REF!,#REF!,#REF!,#REF!,#REF!,#REF!,#REF!,#REF!
Name _: #REF!,#REF!,#REF!,#REF!,#REF!,#REF!,#REF!,#REF!,#REF!,#REF!
Name _: #REF!,#REF!,#REF!,#REF!,#REF!,#REF!,#REF!,#REF!,#REF!,#REF!
Name _: #REF!,#REF!,#REF!,#REF!,#REF!,#REF!,#REF!,#REF!,#REF!,#REF!
Name _: #REF!,#REF!,#REF!,#REF!,#REF!,#REF!,#REF!,#REF!,#REF!,#REF!
Name _: #REF!,#REF!,#REF!,#REF!,#REF!,#REF!,#REF!,#REF!,#REF!,#REF!
Name _: #REF!,#REF!,#REF!,#REF!,#REF!,#REF!,#REF!,#REF!,#REF!,#REF!
Name _: #REF!,#REF!,#REF!,#REF!,#REF!,#REF!,#REF!,#REF!,#REF!,#REF!
Name _: #REF!,#REF!,#REF!,#REF!,#REF!,#REF!,#REF!,#REF!,#REF!,#REF!
Name _: #REF!,#REF!,#REF!,#REF!,#REF!,#REF!,#REF!,#REF!,#REF!,#REF!
Name _: #REF!,#REF!,#REF!,#REF!,#REF!,#REF!,#REF!,#REF!,#REF!,#REF!
Name _: #REF!,#REF!,#REF!,#REF!,#REF!,#REF!,#REF!,#REF!,#REF!,#REF!
Name _: #REF!,#REF!,#REF!,#REF!,#REF!,#REF!,#REF!,#REF!,#REF!,#REF!
Name _: #REF!,#REF!,#REF!,#REF!,#REF!,#REF!,#REF!,#REF!,#REF!,#REF!
Name _: #REF!,#REF!,#REF!,#REF!,#REF!,#REF!,#REF!,#REF!,#REF!,#REF!
Name _: #REF!,#REF!,#REF!,#REF!,#REF!,#REF!,#REF!,#REF!,#REF!,#REF!
Name _: #REF!,#REF!,#REF!,#REF!,#REF!,#REF!,#REF!,#REF!,#REF!,#REF!
Name _______ISC3: #REF!+#REF!
Name _______ISC3: #REF!+#REF!
Name _______ISC3: #REF!+#REF!
Name _______ISC3: #REF!+#REF!
Name _______ISC3: #REF!+#REF!
Name _______ISC3: #REF!+#REF!
Name _______ISC3: #REF!+#REF!
Name _______ISC3: #REF!+#REF!
Name _______ISC3: #REF!+#REF!
Name _______ISC3: #REF!+#REF!
Name _______ISC3: #REF!+#REF!
Name _______ISC3: #REF!+#REF!
Name _______ISC3: #REF!+#REF!
Name _______ISC3: #REF!+#REF!
Name _______ISC3: #REF!+#REF!
Name _______ISC3: #REF!+#REF!
Name _______ISC3: #REF!+#REF!
Name _______ISC3: #REF!+#REF!
Name _______ISC3: #REF!+#REF!
Name _______ISC3: #REF!+#REF!
Name _______ISC3: #REF!+#REF!
Name _______ISC3: #REF!+#REF!
Name _______ISC3: #REF!+#REF!
Name _______ISC3: #REF!+#REF!

Sheet TOC
A1: TOC | B1: PISA 2022 Results. Mindsets, Attitudes and Learning: Exploring their connections among students - © OECD 2025
A3: Figures & Tables
A5: Figures
A7: ='Figure 1'!A1 -> Figure 1 | B7: ='Figure 1'!$A$2 -> Growth mindset: Change between PISA 2018 and PISA 2022 results
A8: ='Figure 2'!A1 -> Figure 2 | B8: ='Figure 2'!$A$2 -> Growth mindset and performance in mathematics
A9: ='Figure 3'!A1 -> Figure 3 | B9: ='Figure 3'!$A$2 -> Growth mindset by gender
A10: ='Figure 4'!A1 -> Figure 4 | B10: ='Figure 4'!$A$2 -> Growth mindset by student performance
A11: ='Figure 5'!A1 -> Figure 5 | B11: ='Figure 5'!$A$2 -> Growth mindset and mathematics performance, by student performance
A12: =Figure_6!A1 -> Figure_6 | B12: =Figure_6!$A$2 -> Interquartile difference of the relationship between growth mindset and performance in mathematics and share of low performers
A13: ='Figure 7'!A1 -> Figure 7 | B13: ='Figure 7'!$A$2 -> Growth mindset, self-belief and attitudes, by level of performance
A14: ='Figure 8'!A1 -> Figure 8 | B14: ='Figure 8'!$A$2 -> Growth mindset and confidence in self-directed learning, by level of performance
A15: =Figure_9!A1 -> Figure_9 | B15: =Figure_9!$A$2 -> Relationship between growth mindset, performance in mathematics and mathematics anxiety
A16: ='Figure 10'!A1 -> Figure 10 | B16: ='Figure 10'!$A$2 -> Growth mindset and performance in mathematics, by level of socio-emotional skills
A17: ='Figure 11'!A1 -> Figure 11 | B17: ='Figure 11'!$A$2 -> Growth mindset and teacher practices, by level of performance
A18: ='Figure 12'!A1 -> Figure 12 | B18: ='Figure 12'!$A$2 -> Growth mindset and performance in mathematics, by level of students' cognitive activation
A19: ='Figure 13'!A1 -> Figure 13 | B19: ='Figure 13'!$A$2 -> School concentration of growth mindset
A23: Tables
A25: ='Table B.1'!A1 -> Table B.1 | B25: ='Table B.1'!$A$2 -> Growth mindset, by level of performance in mathematics
A28: ='Table B.4'!A1 -> Table B.4 | B28: ='Table B.4'!$A$2 -> Change in growth mindset between PISA 2018 and PISA 2022
A29: ='Table B.5'!A1 -> Table B.5 | B29: ='Table B.5'!$A$2 -> Growth mindset and fixed mindset: Change between PISA 2018 and PISA 2022
A30: ='Table B.6'!A1 -> Table B.6 | B30: ='Table B.6'!$A$2 -> Growth mindset : school concentration
A31: ='Table B.7'!A1 -> Table B.7 | B31: ='Table B.7'!$A$2 -> Students' and schools' growth mindset
A32: ='Table B.8'!A1 -> Table B.8 | B32: ='Table B.8'!$A$2 -> Performance in mathematics and concentration of growth mindset in school
A33: ='Table B.9'!A1 -> Table B.9 | B33: ='Table B.9'!$A$2 -> Socio-economic status and concentration of growth mindset in school
A34: ='Table B.10'!A1 -> Table B.10 | B34: ='Table B.10'!$A$2 -> Growth mindset, by student characteristics
A35: ='Table B.11'!A1 -> Table B.11 | B35: ='Table B.11'!$A$2 -> Growth mindset by level of teacher practices
A36: ='Table B.12'!A1 -> Table B.12 | B36: ='Table B.12'!$A$2 -> Growth mindset and academic performance
A37: ='Table B.13'!A1 -> Table B.13 | B37: ='Table B.13'!$A$2 -> Standardised effect size of growth mindset in academic performance
A38: ='Table B.14'!A1 -> Table B.14 | B38: ='Table B.14'!$A$2 -> Growth mindset and performance in mathematics, by level of performance
A39: ='Table B.15'!A1 -> Table B.15 | B39: ='Table B.15'!$A$2 -> Standardised effect size of growth mindset in mathematics performance, by level of performance
A40: ='Table B.16'!A1 -> Table B.16 | B40: ='Table B.16'!$A$2 -> Growth mindset by variation in mathematics performance
A41: ='Table B.17'!A1 -> Table B.17 | B41: ='Table B.17'!$A$2 -> Growth mindset and mathematics performance, by student characteristics
A42: ='Table B.18'!A1 -> Table B.18 | B42: ='Table B.18'!$A$2 -> Standardised effect size of growth mindset in mathematics performance, by student characteristics
A43: ='Table B.19'!A1 -> Table B.19 | B43: ='Table B.19'!$A$2 -> Growth mindset and students attitudes, by level of performance in mathematics
A44: ='Table B.20'!A1 -> Table B.20 | B44: ='Table B.20'!$A$2 -> Standardised effect size of growth mindset in students attitudes, by level of performance in mathematics
A45: ='Table B.21'!A1 -> Table B.21 | B45: ='Table B.21'!$A$2 -> Growth mindset and social and emotionnal skills, by level of performance in mathematics
A46: ='Table B.22'!A1 -> Table B.22 | B46: ='Table B.22'!$A$2 -> Standardised effect size of growth mindset in social and emotionnal skills, by level of performance in mathematics
A47: ='Table B.23'!A1 -> Table B.23 | B47: ='Table B.23'!$A$2 -> Growth mindset and teacher practices, by level of performance in mathematics
A48: ='Table B.24'!A1 -> Table B.24 | B48: ='Table B.24'!$A$2 -> Standardised effect size of growth mindset in teacher practices, by level of performance in mathematics
A49: ='Table B.25'!A1 -> Table B.25 | B49: ='Table B.25'!$A$2 -> General growth mindset and mathematics performance, by quality of mathematics instruction
A50: ='Table B.26'!A1 -> Table B.26 | B50: ='Table B.26'!$A$2 -> General growth mindset and mathematics performance, by quarter of teacher support in mathematics
A51: ='Table B.27'!A1 -> Table B.27 | B51: ='Table B.27'!$A$2 -> General growth mindset and mathematics performance, by quarter of quality of student-teacher relationships
A52: ='Table B.28'!A1 -> Table B.28 | B52: ='Table B.28'!$A$2 -> General growth mindset and mathematics performance, by quarter of cognitive activation in mathematics: foster reasoning
A53: ='Table B.29'!A1 -> Table B.29 | B53: ='Table B.29'!$A$2 -> General growth mindset and mathematics performance, by quarter of curiosity
A54: ='Table B.30'!A1 -> Table B.30 | B54: ='Table B.30'!$A$2 -> General growth mindset and mathematics performance, by quarter of emotional control
A55: ='Table B.31'!A1 -> Table B.31 | B55: ='Table B.31'!$A$2 -> General growth mindset and mathematics performance, by quarter of persistence
A56: ='Table B.32'!A1 -> Table B.32 | B56: ='Table B.32'!$A$2 -> General growth mindset and mathematics performance, by quarter of stress resistance
A57: ='Table B.33'!A1 -> Table B.33 | B57: ='Table B.33'!$A$2 -> General growth mindset and mathematics performance, by quarter of self-directed learning self-efficacy
A61: Symbols for missing data
A62: c: There were too few observations to provide reliable estimates (i.e. there were fewer than 30 students or fewer than 5 schools with valid data).
A63: m: Data are not available. There was no observation in the sample; these data were not collected by the country; or these data were collected but subsequently removed from the publication for technical reasons.
A67: Notes:
A68: For all tables presented in this report, information regarding the proportion of the sample covered is shown next to the standard error. No symbol means at least 75% of the population was covered; one dagger (†) means at least 50% but less than 75%; and one double-dagger (‡) means less than 50% was covered.
A69: Information on data for Cyprus: https://oe.cd/cyprus-disclaimer
A70: Kosovo: This designation is without prejudice to positions on status, and is in line with United Nations Security Council Resolution 1244/99 and the Advisory Opinion of the International Court of Justice on Kosovo’s declaration of independence.
A71: * Caution is required when interpreting estimates because one or more PISA sampling standards were not met (see Reader’s Guide, Annexes A2 and A4).
A72: Australia*
A73: Canada*
A74: Denmark*
A75: Hong Kong (China)*
... A83: United States*

Sheet Figure 1
A1: Figure 1
A2: Growth mindset: Change between PISA 2018 and PISA 2022 results
A3: Change between 2018 and 2022 in the percentage of students disagreeing or strongly disagreeing that "your intelligence is something about you that you can't change very much"
A76: Notes: Only countries and economies with available data are shown.
A77: Statistically significant differences between PISA 2018 and PISA 2022 are shown in a darker tone (see Reader’s Guide).
A78: Countries and economies are ranked in descending order of the difference between PISA 2018 and PISA 2022 (PISA 2022 minus PISA 2018).
A79: Source: OECD, PISA 2022 Database, Table B.5.
B85: PISA 2018 | D85: PISA 2022
B86: Significant change | C86: Non-significant change | D86: Significant change | E86: Non-significant change
B87: % | C87: % | D87: % | E87: % | M87: spacing | N87: positive error | O87: negative error | P87: CNT | Q87: Sub-nat entities
A88: North Macedonia | B88: 23.998341 | C88: #N/A | D88: 39.977821 | E88: #N/A | L88: 15.979481 | M88: 68.5 | N88: 0 | O88: 15.979481 | P88: 0 | Q88: #N/A
A89: Poland | B89: 40.714336 | C89: #N/A | D89: 53.373837 | E89: #N/A | L89: 12.6595 | M89: 67.5 | N89: 0 | O89: 12.6595 | P89: 0 | Q89: #N/A
A90: Kazakhstan | B90: 55.005043 | C90: #N/A | D90: 66.872345 | E90: #N/A | L90: 11.867302 | M90: 66.5 | N90: 0 | O90: 11.867302 | P90: 0 | Q90: #N/A
A91: Panama* | B91: 28.725292 | C91: #N/A | D91: 39.536709 | E91: #N/A | L91: 10.811417 | M91: 65.5 | N91: 0 | O91: 10.811417 | P91: 0 | Q91: #N/A
A92: Sweden | B92: 62.89999 | C92: #N/A | D92: 70.449242 | E92: #N/A | L92: 7.5492516 | M92: 64.5 | N92: 0 | O92: 7.5492516 | P92: 0 | Q92: #N/A
A93: Georgia | B93: 49.586693 | C93: #N/A | D93: 56.778984 | E93: #N/A | L93: 7.1922913 | M93: 63.5 | N93: 0 | O93: 7.1922913 | P93: 0 | Q93: #N/A
A94: Morocco | B94: 41.510754 | C94: #N/A | D94: 48.526825 | E94: #N/A | L94: 7.0160713 | M94: 62.5 | N94: 0 | O94: 7.0160713 | P94: 0 | Q94: #N/A
A95: Indonesia | B95: 28.546738 | C95: #N/A | D95: 35.371799 | E95: #N/A | L95: 6.8250618 | M95: 61.5 | N95: 0 | O95: 6.8250618 | P95: 0 | Q95: #N/A
A96: Kosovo | B96: 27.608772 | C96: #N/A | D96: 33.852093 | E96: #N/A | L96: 6.2433205 | M96: 60.5 | N96: 0 | O96: 6.2433205 | P96: #N/A | Q96: 0
A97: Thailand | B97: 42.832123 | C97: #N/A | D97: 48.186909 | E97: #N/A | L97: 5.3547859 | M97: 59.5 | N97: 0 | O97: 5.3547859 | P97: 0 | Q97: #N/A
A98: Japan | B98: 66.928612 | C98: #N/A | D98: 71.003937 | E98: #N/A | L98: 4.075325 | M98: 58.5 | N98: 0 | O98: 4.075325 | P98: 0 | Q98: #N/A
A99: Philippines | B99: 31.316027 | C99: #N/A | D99: 35.349842 | E99: #N/A | L99: 4.0338154 | M99: 57.5 | N99: 0 | O99: 4.0338154 | P99: 0 | Q99: #N/A
A100: United Arab Emirates | B100: 45.909645 | C100: #N/A | D100: 49.564198 | E100: #N/A | L100: 3.6545525 | M100: 56.5 | N100: 0 | O100: 3.6545525 | P100: 0 | Q100: #N/A
A101: Dominican Republic | B101: 34.673862 | C101: #N/A | D101: 38.154385 | E101: #N/A | L101: 3.4805222 | M101: 55.5 | N101: 0 | O101: 3.4805222 | P101: 0 | Q101: #N/A
A102: Jordan | B102: #N/A | C102: 47.032082 | D102: #N/A | E102: 49.094429 | L102: 2.0623474 | M102: 54.5 | N102: 0 | O102: 2.0623474 | P102: 0 | Q102: #N/A
A103: Montenegro | B103: 45.496025 | C103: #N/A | D103: 47.50074 | E103: #N/A | L103: 2.004715 | M103: 53.5 | N103: 0 | O103: 2.004715 | P103: 0 | Q103: #N/A
A104: United States* | B104: #N/A | C104: 68.388939 | D104: #N/A | E104: 69.782112 | L104: 1.3931732 | M104: 52.5 | N104: 0 | O104: 1.3931732 | P104: 0 | Q104: #N/A
A105: Korea | B105: #N/A | C105: 53.299793 | D105: #N/A | E105: 54.531029 | L105: 1.2312355 | M105: 51.5 | N105: 0 | O105: 1.2312355 | P105: 0 | Q105: #N/A
A106: Singapore | B106: #N/A | C106: 59.973221 | D106: #N/A | E106: 60.869297 | L106: 0.8960762 | M106: 50.5 | N106: 0 | O106: 0.8960762 | P106: 0 | Q106: #N/A
A107: Chile | B107: #N/A | C107: 60.313835 | D107: #N/A | E107: 61.190243 | L107: 0.87640762 | M107: 49.5 | N107: 0 | O107: 0.87640762 | P107: 0 | Q107: #N/A
A108: Slovenia | B108: #N/A | C108: 51.476551 | D108: #N/A | E108: 52.139442 | L108: 0.66289139 | M108: 48.5 | N108: 0 | O108: 0.66289139 | P108: 0 | Q108: #N/A
A109: Bulgaria | B109: #N/A | C109: 59.321388 | D109: #N/A | E109: 58.969883 | L109: -0.35150528 | M109: 47.5 | N109: 0.35150528 | O109: 0 | P109: 0 | Q109: #N/A
A110: Romania | B110: #N/A | C110: 43.225315 | D110: #N/A | E110: 42.830715 | L110: -0.39459991 | M110: 46.5 | N110: 0.39459991 | O110: 0 | P110: 0 | Q110: #N/A
A111: Costa Rica | B111: #N/A | C111: 54.332981 | D111: #N/A | E111: 53.885674 | L111: -0.44730759 | M111: 45.5 | N111: 0.44730759 | O111: 0 | P111: 0 | Q111: #N/A
A112: Austria | B112: #N/A | C112: 71.999207 | D112: #N/A | E112: 71.463753 | L112: -0.5354538 | M112: 44.5 | N112: 0.5354538 | O112: 0 | P112: 0 | Q112: #N/A
A113: Serbia | B113: #N/A | C113: 52.115967 | D113: #N/A | E113: 51.265095 | L113: -0.85087204 | M113: 43.5 | N113: 0.85087204 | O113: 0 | P113: 0 | Q113: #N/A
A114: Ireland* | B114: #N/A | C114: 73.909912 | D114: #N/A | E114: 72.882996 | L114: -1.0269165 | M114: 42.5 | N114: 1.0269165 | O114: 0 | P114: 0 | Q114: #N/A
A115: Slovak Republic | B115: #N/A | C115: 57.182735 | D115: #N/A | E115: 56.103233 | L115: -1.0795021 | M115: 41.5 | N115: 1.0795021 | O115: 0 | P115: 0 | Q115: #N/A
... A118: Germany | B118: #N/A | C118: 73.98539 | D118: #N/A | E118: 72.137985 | L118: -1.8474045 | M118: 38.5 | N118: 1.8474045 | O118: 0 | P118: 0 | Q118: #N/A
A119: New Zealand* | B119: 67.149208 | C119: #N/A | D119: 65.108574 | E119: #N/A | L119: -2.0406342 | M119: 37.5 | N119: 2.0406342 | O119: 0 | P119: 0 | Q119: #N/A
A120: Australia* | B120: 67.821693 | C120: #N/A | D120: 65.742218 | E120: #N/A | L120: -2.0794754 | M120: 36.5 | N120: 2.0794754 | O120: 0 | P120: 0 | Q120: #N/A
A121: Uruguay | B121: #N/A | C121: 54.218452 | D121: #N/A | E121: 52.108536 | L121: -2.1099167 | M121: 35.5 | N121: 2.1099167 | O121: 0 | P121: 0 | Q121: #N/A
A122: Czechia | B122: 52.370541 | C122: #N/A | D122: 50.255692 | E122: #N/A | L122: -2.1148491 | M122: 34.5 | N122: 2.1148491 | O122: 0 | P122: 0 | Q122: #N/A
A123: Saudi Arabia | B123: 43.049507 | C123: #N/A | D123: 40.776421 | E123: #N/A | L123: -2.2730865 | M123: 33.5 | N123: 2.2730865 | O123: 0 | P123: 0 | Q123: #N/A
A124: Switzerland | B124: #N/A | C124: 63.413551 | D124: #N/A | E124: 61.140343 | L124: -2.2732086 | M124: 32.5 | N124: 2.2732086 | O124: 0 | P124: 0 | Q124: #N/A
A125: Croatia | B125: 56.443584 | C125: #N/A | D125: 54.162312 | E125: #N/A | L125: -2.2812729 | M125: 31.5 | N125: 2.2812729 | O125: 0 | P125: 0 | Q125: #N/A
A126: Brazil | B126: 63.466175 | C126: #N/A | D126: 61.120823 | E126: #N/A | L126: -2.3453522 | M126: 30.5 | N126: 2.3453522 | O126: 0 | P126: 0 | Q126: #N/A
A127: Hong Kong (China)* | B127: 42.746971 | C127: #N/A | D127: 40.04567 | E127: #N/A | L127: -2.7013016 | M127: 29.5 | N127: 2.7013016 | O127: 0 | P127: #N/A | Q127: 0
A128: Estonia | B128: 76.968391 | C128: #N/A | D128: 73.864319 | E128: #N/A | L128: -3.1040726 | M128: 28.5 | N128: 3.1040726 | O128: 0 | P128: 0 | Q128: #N/A
A129: Malaysia | B129: 41.243816 | C129: #N/A | D129: 38.122105 | E129: #N/A | L129: -3.1217117 | M129: 27.5 | N129: 3.1217117 | O129: 0 | P129: 0 | Q129: #N/A
A130: Mexico | B130: 45.005306 | C130: #N/A | D130: 41.564617 | E130: #N/A | L130: -3.4406891 | M130: 26.5 | N130: 3.4406891 | O130: 0 | P130: 0 | Q130: #N/A
A131: Belgium | B131: 56.299152 | C131: #N/A | D131: 52.630238 | E131: #N/A | L131: -3.6689148 | M131: 25.5 | N131: 3.6689148 | O131: 0 | P131: 0 | Q131: #N/A
A132: OECD average-35 | B132: 62.384201 | C132: #N/A | D132: 57.781269 | E132: #N/A | L132: -4.602932 | M132: 24.5 | N132: 4.602932 | O132: 0 | P132: 0 | Q132: #N/A
A133: Qatar | B133: 49.965893 | C133: #N/A | D133: 45.247108 | E133: #N/A | L133: -4.7187843 | M133: 23.5 | N133: 4.7187843 | O133: 0 | P133: 0 | Q133: #N/A
A134: Malta | B134: 54.229107 | C134: #N/A | D134: 49.496365 | E134: #N/A | L134: -4.7327423 | M134: 22.5 | N134: 4.7327423 | O134: 0 | P134: 0 | Q134: #N/A
A135: Hungary | B135: 61.843903 | C135: #N/A | D135: 56.782017 | E135: #N/A | L135: -5.0618858 | M135: 21.5 | N135: 5.0618858 | O135: 0 | P135: 0 | Q135: #N/A
A136: Chinese Taipei | B136: 60.011139 | C136: #N/A | D136: 54.9268 | E136: #N/A | L136: -5.0843391 | M136: 20.5 | N136: 5.0843391 | O136: 0 | P136: #N/A | Q136: 0
A137: Canada* | B137: 67.649773 | C137: #N/A | D137: 62.467106 | E137: #N/A | L137: -5.1826668 | M137: 19.5 | N137: 5.1826668 | O137: 0 | P137: 0 | Q137: #N/A
A138: United Kingdom* | B138: 70.045242 | C138: #N/A | D138: 63.620613 | E138: #N/A | L138: -6.4246292 | M138: 18.5 | N138: 6.4246292 | O138: 0 | P138: 0 | Q138: #N/A
A139: Greece | B139: 47.521065 | C139: #N/A | D139: 40.672321 | E139: #N/A | L139: -6.8487434 | M139: 17.5 | N139: 6.8487434 | O139: 0 | P139: 0 | Q139: #N/A
A140: Finland | B140: 66.691284 | C140: #N/A | D140: 59.221268 | E140: #N/A | L140: -7.4700165 | M140: 16.5 | N140: 7.4700165 | O140: 0 | P140: 0 | Q140: #N/A
A141: France | B141: 53.734173 | C141: #N/A | D141: 45.861221 | E141: #N/A | L141: -7.8729515 | M141: 15.5 | N141: 7.8729515 | O141: 0 | P141: 0 | Q141: #N/A
A142: Macao (China) | B142: 49.164242 | C142: #N/A | D142: 40.83139 | E142: #N/A | L142: -8.3328514 | M142: 14.5 | N142: 8.3328514 | O142: 0 | P142: #N/A | Q142: 0
A143: Peru | B143: 51.976376 | C143: #N/A | D143: 43.615837 | E143: #N/A | L143: -8.3605385 | M143: 13.5 | N143: 8.3605385 | O143: 0 | P143: 0 | Q143: #N/A
A144: Baku (Azerbaijan) | B144: 52.038681 | C144: #N/A | D144: 43.234337 | E144: #N/A | L144: -8.8043442 | M144: 12.5 | N144: 8.8043442 | O144: 0 | P144: #N/A | Q144: 0
A145: Italy | B145: 58.806934 | C145: #N/A | D145: 49.799492 | E145: #N/A | L145: -9.0074425 | M145: 11.5 | N145: 9.0074425 | O145: 0 | P145: 0 | Q145: #N/A
A146: Spain | B146: 62.001366 | C146: #N/A | D146: 52.866703 | E146: #N/A | L146: -9.1346626 | M146: 10.5 | N146: 9.1346626 | O146: 0 | P146: 0 | Q146: #N/A
A147: Moldova | B147: 43.334892 | C147: #N/A | D147: 34.023403 | E147: #N/A | L147: -9.3114891 | M147: 9.5 | N147: 9.3114891 | O147: 0 | P147: 0 | Q147: #N/A
A148: Netherlands* | B148: 50.728611 | C148: #N/A | D148: 41.149162 | E148: #N/A | L148: -9.5794487 | M148: 8.5 | N148: 9.5794487 | O148: 0 | P148: 0 | Q148: #N/A
A149: Albania | B149: 40.880199 | C149: #N/A | D149: 30.695023 | E149: #N/A | L149: -10.185177 | M149: 7.5 | N149: 10.185177 | O149: 0 | P149: 0 | Q149: #N/A
A150: Türkiye | B150: 59.653126 | C150: #N/A | D150: 48.120537 | E150: #N/A | L150: -11.532589 | M150: 6.5 | N150: 11.532589 | O150: 0 | P150: 0 | Q150: #N/A
A151: Portugal | B151: 66.183189 | C151: #N/A | D151: 54.168076 | E151: #N/A | L151: -12.015114 | M151: 5.5 | N151: 12.015114 | O151: 0 | P151: 0 | Q151: #N/A
A152: Denmark* | B152: 74.988152 | C152: #N/A | D152: 62.648705 | E152: #N/A | L152: -12.339447 | M152: 4.5 | N152: 12.339447 | O152: 0 | P152: 0 | Q152: #N/A
A153: Latvia* | B153: 72.588081 | C153: #N/A | D153: 58.790165 | E153: #N/A | L153: -13.797916 | M153: 3.5 | N153: 13.797916 | O153: 0 | P153: 0 | Q153: #N/A
A154: Lithuania | B154: 72.433525 | C154: #N/A | D154: 57.516384 | E154: #N/A | L154: -14.917141 | M154: 2.5 | N154: 14.917141 | O154: 0 | P154: 0 | Q154: #N/A
A155: Iceland | B155: 72.736313 | C155: #N/A | D155: 56.859535 | E155: #N/A | L155: -15.876778 | M155: 1.5 | N155: 15.876778 | O155: 0 | P155: 0 | Q155: #N/A
A156: Colombia | B156: 61.382126 | C156: #N/A | D156: 42.551594 | E156: #N/A | L156: -18.830532 | M156: 0.5 | N156: 18.830532 | O156: 0 | P156: 0 | Q156: #N/A

Sheet Figure 2
A1: Figure 2
A2: Growth mindset and performance in mathematics
A3: Change in mathematics performance when students disagreed or strongly disagreed that "your intelligence is something about you that you can’t change very much"
A76: 1. The socio-economic profile is measured by the PISA index of economic, social and cultural status (ESCS).
A77: Notes: Only countries and economies with available data are shown.
A78: Coefficients that are statistically significant are shown in a darker tone (see Reader’s Guide).
A79: Countries and economies are ranked in descending order of the gap in mathematics performance related to general growth mindset, before accounting for students' and schools' socio-economic profile.
A80: Source: OECD, PISA 2022 Database, Table B.12.
B86: Before accounting for students' and schools' socio-economic profile¹ | D86: After accounting for students' and schools' socio-economic profile
B87: Significant change | C87: Non-significant change | D87: Significant change | E87: Non-significant change
B88: Score dif. | C88: Score dif. | D88: Score dif. | E88: Score dif. | L88: aft | M88: spacing | N88: positive error | O88: negative error | P88: CNT | Q88: Sub-nat entities
A89: Australia* | B89: 59.239803 | C89: #N/A | D89: 45.418575 | E89: #N/A | L89: 45.418575 | M89: 74.5 | N89: 0 | O89: 45.418575 | P89: -10 | Q89: #N/A
A90: United States* | B90: 57.199528 | C90: #N/A | D90: 46.213791 | E90: #N/A | L90: 46.213791 | M90: 73.5 | N90: 0 | O90: 46.213791 | P90: -10 | Q90: #N/A
A91: New Zealand* | B91: 51.545612 | C91: #N/A | D91: 40.077248 | E91: #N/A | L91: 40.077248 | M91: 72.5 | N91: 0 | O91: 40.077248 | P91: -10 | Q91: #N/A
A92: United Arab Emirates | B92: 46.050735 | C92: #N/A | D92: 34.417427 | E92: #N/A | L92: 34.417427 | M92: 71.5 | N92: 0 | O92: 34.417427 | P92: -10 | Q92: #N/A
A93: Ireland* | B93: 45.874519 | C93: #N/A | D93: 39.72047 | E93: #N/A | L93: 39.72047 | M93: 70.5 | N93: 0 | O93: 39.72047 | P93: -10 | Q93: #N/A
A94: United Kingdom* | B94: 45.30896 | C94: #N/A | D94: 36.14764 | E94: #N/A | L94: 36.14764 | M94: 69.5 | N94: 0 | O94: 36.14764 | P94: -10 | Q94: #N/A
A95: Brazil | B95: 41.547523 | C95: #N/A | D95: 28.510063 | E95: #N/A | L95: 28.510063 | M95: 68.5 | N95: 0 | O95: 28.510063 | P95: -10 | Q95: #N/A
A96: Chile | B96: 38.899258 | C96: #N/A | D96: 29.773602 | E96: #N/A | L96: 29.773602 | M96: 67.5 | N96: 0 | O96: 29.773602 | P96: -10 | Q96: #N/A
A97: Jamaica* | B97: 36.699448 | C97: #N/A | D97: 21.086006 | E97: #N/A | L97: 21.086006 | M97: 66.5 | N97: 0 | O97: 21.086006 | P97: -10 | Q97: #N/A
A98: Canada* | B98: 36.611263 | C98: #N/A | D98: 29.953909 | E98: #N/A | L98: 29.953909 | M98: 65.5 | N98: 0 | O98: 29.953909 | P98: -10 | Q98: #N/A
A99: Singapore | B99: 35.67968 | C99: #N/A | D99: 27.922785 | E99: #N/A | L99: 27.922785 | M99: 64.5 | N99: 0 | O99: 27.922785 | P99: -10 | Q99: #N/A
A100: Portugal | B100: 35.590942 | C100: #N/A | D100: 26.188253 | E100: #N/A | L100: 26.188253 | M100: 63.5 | N100: 0 | O100: 26.188253 | P100: -10 | Q100: #N/A
... A111: Uruguay | B111: 26.849573 | C111: #N/A | D111: 18.900703 | E111: #N/A | L111: 18.900703 | M111: 52.5 | N111: 0 | O111: 18.900703 | P111: -10 | Q111: #N/A
A112: Ukrainian regions (18 of 27) | B112: 26.155741 | C112: #N/A | D112: 18.903852 | E112: #N/A | L112: 18.903852 | M112: 51.5 | N112: 0 | O112: 18.903852 | P112: #N/A | Q112: -10
A113: Iceland | B113: 25.606808 | C113: #N/A | D113: 21.484142 | E113: #N/A | L113: 21.484142 | M113: 50.5 | N113: 0 | O113: 21.484142 | P113: -10 | Q113: #N/A
A114: Latvia* | B114: 25.410553 | C114: #N/A | D114: 18.90781 | E114: #N/A | L114: 18.90781 | M114: 49.5 | N114: 0 | O114: 18.90781 | P114: -10 | Q114: #N/A
A115: Austria | B115: 24.623915 | C115: #N/A | D115: 17.255558 | E115: #N/A | L115: 17.255558 | M115: 48.5 | N115: 0 | O115: 17.255558 | P115: -10 | Q115: #N/A
A116: Indonesia | B116: 24.616173 | C116: #N/A | D116: 20.06052 | E116: #N/A | L116: 20.06052 | M116: 47.5 | N116: 0 | O116: 20.06052 | P116: -10 | Q116: #N/A
A117: Panama* | B117: 24.111849 | C117: #N/A | D117: 11.52669 | E117: #N/A | L117: 11.52669 | M117: 46.5 | N117: 0 | O117: 11.52669 | P117: -10 | Q117: #N/A
A118: OECD average | B118: 24.014006 | C118: #N/A | D118: 17.575439 | E118: #N/A | L118: 17.575439 | M118: 45.5 | N118: 0 | O118: 17.575439 | P118: -10 | Q118: #N/A
A119: Japan | B119: 23.645828 | C119: #N/A | D119: 13.971684 | E119: #N/A | L119: 13.971684 | M119: 44.5 | N119: 0 | O119: 13.971684 | P119: -10 | Q119: #N/A
A120: Mexico | B120: 23.378365 | C120: #N/A | D120: 16.842495 | E120: #N/A | L120: 16.842495 | M120: 43.5 | N120: 0 | O120: 16.842495 | P120: -10 | Q120: #N/A
A121: Thailand | B121: 22.930359 | C121: #N/A | D121: 17.336233 | E121: #N/A | L121: 17.336233 | M121: 42.5 | N121: 0 | O121: 17.336233 | P121: -10 | Q121: #N/A
A122: Hungary | B122: 22.805046 | C122: #N/A | D122: 8.8286819 | E122: #N/A | L122: 8.8286819 | M122: 41.5 | N122: 0 | O122: 8.8286819 | P122: -10 | Q122: #N/A
A123: Mongolia | B123: 21.31426 | C123: #N/A | D123: 14.92372 | E123: #N/A | L123: 14.92372 | M123: 40.5 | N123: 0 | O123: 14.92372 | P123: -10 | Q123: #N/A
A124: Slovenia | B124: 21.260256 | C124: #N/A | D124: 8.7380486 | E124: #N/A | L124: 8.7380486 | M124: 39.5 | N124: 0 | O124: 8.7380486 | P124: -10 | Q124: #N/A
... A129: Finland | B129: 17.953138 | C129: #N/A | D129: 13.814286 | E129: #N/A | L129: 13.814286 | M129: 34.5 | N129: 0 | O129: 13.814286 | P129: -10 | Q129: #N/A
A130: Bulgaria | B130: 17.551321 | C130: #N/A | D130: #N/A | E130: 4.7023802 | L130: 4.7023802 | M130: 33.5 | N130: 0 | O130: 4.7023802 | P130: -10 | Q130: #N/A
A131: Lithuania | B131: 17.446703 | C131: #N/A | D131: 8.2641249 | E131: #N/A | L131: 8.2641249 | M131: 32.5 | N131: 0 | O131: 8.2641249 | P131: -10 | Q131: #N/A
A132: Spain | B132: 17.177319 | C132: #N/A | D132: 13.401682 | E132: #N/A | L132: 13.401682 | M132: 31.5 | N132: 0 | O132: 13.401682 | P132: -10 | Q132: #N/A
A133: Kazakhstan | B133: 15.580336 | C133: #N/A | D133: 12.246863 | E133: #N/A | L133: 12.246863 | M133: 30.5 | N133: 0 | O133: 12.246863 | P133: -10 | Q133: #N/A
A134: Germany | B134: 14.541987 | C134: #N/A | D134: 7.5582466 | E134: #N/A | L134: 7.5582466 | M134: 29.5 | N134: 0 | O134: 7.5582466 | P134: -10 | Q134: #N/A
A135: Slovak Republic | B135: 14.232838 | C135: #N/A | D135: #N/A | E135: 3.251684 | L135: 3.251684 | M135: 28.5 | N135: 0 | O135: 3.251684 | P135: -10 | Q135: #N/A
A136: Korea | B136: 12.265442 | C136: #N/A | D136: 13.750862 | E136: #N/A | L136: 13.750862 | M136: 27.5 | N136: 0 | O136: 13.750862 | P136: -10 | Q136: #N/A
A137: Belgium | B137: 12.248096 | C137: #N/A | D137: 7.9736028 | E137: #N/A | L137: 7.9736028 | M137: 26.5 | N137: 0 | O137: 7.9736028 | P137: -10 | Q137: #N/A
A138: Croatia | B138: 12.225523 | C138: #N/A | D138: 6.710084 | E138: #N/A | L138: 6.710084 | M138: 25.5 | N138: 0 | O138: 6.710084 | P138: -10 | Q138: #N/A
A139: El Salvador | B139: 12.100439 | C139: #N/A | D139: 5.287766 | E139: #N/A | L139: 5.287766 | M139: 24.5 | N139: 0 | O139: 5.287766 | P139: -10 | Q139: #N/A
A140: Serbia | B140: 12.054828 | C140: #N/A | D140: 5.1593022 | E140: #N/A | L140: 5.1593022 | M140: 23.5 | N140: 0 | O140: 5.1593022 | P140: -10 | Q140: #N/A
A141: Switzerland | B141: 11.270063 | C141: #N/A | D141: 7.7283902 | E141: #N/A | L141: 7.7283902 | M141: 22.5 | N141: 0 | O141: 7.7283902 | P141: -10 | Q141: #N/A
A142: Czechia | B142: 10.531556 | C142: #N/A | D142: 6.7794809 | E142: #N/A | L142: 6.7794809 | M142: 21.5 | N142: 0 | O142: 6.7794809 | P142: -10 | Q142: #N/A
A143: Chinese Taipei | B143: #N/A | C143: 8.3427458 | D143: 10.380169 | E143: #N/A | L143: 10.380169 | M143: 20.5 | N143: 0 | O143: 10.380169 | P143: #N/A | Q143: -10
A144: Saudi Arabia | B144: 7.2362995 | C144: #N/A | D144: 7.0768013 | E144: #N/A | L144: 7.0768013 | M144: 19.5 | N144: 0 | O144: 7.0768013 | P144: -10 | Q144: #N/A
A145: Malaysia | B145: 6.9652634 | C145: #N/A | D145: #N/A | E145: 2.2797592 | L145: 2.2797592 | M145: 18.5 | N145: 0 | O145: 2.2797592 | P145: -10 | Q145: #N/A
A146: Italy | B146: 6.7067137 | C146: #N/A | D146: #N/A | E146: 3.7663279 | L146: 3.7663279 | M146: 17.5 | N146: 0 | O146: 3.7663279 | P146: -10 | Q146: #N/A
A147: Türkiye | B147: 6.5818753 | C147: #N/A | D147: 9.2780457 | E147: #N/A | L147: 9.2780457 | M147: 16.5 | N147: 0 | O147: 9.2780457 | P147: -10 | Q147: #N/A
A148: Baku (Azerbaijan) | B148: #N/A | C148: 6.3130989 | D148: #N/A | E148: 3.693682 | L148: 3.693682 | M148: 15.5 | N148: 0 | O148: 3.693682 | P148: #N/A | Q148: -10
A149: Dominican Republic | B149: 6.0031228 | C149: #N/A | D149: 4.3645091 | E149: #N/A | L149: 4.3645091 | M149: 14.5 | N149: 0 | O149: 4.3645091 | P149: -10 | Q149: #N/A
A150: Montenegro | B150: 5.6393619 | C150: #N/A | D150: #N/A | E150: 3.3819649 | L150: 3.3819649 | M150: 13.5 | N150: 0 | O150: 3.3819649 | P150: -10 | Q150: #N/A
A151: Uzbekistan | B151: 4.9214306 | C151: #N/A | D151: 4.5441065 | E151: #N/A | L151: 4.5441065 | M151: 12.5 | N151: 0 | O151: 4.5441065 | P151: -10 | Q151: #N/A
A152: France | B152: 4.8649263 | C152: #N/A | D152: #N/A | E152: 3.2424536 | L152: 3.2424536 | M152: 11.5 | N152: 0 | O152: 3.2424536 | P152: -10 | Q152: #N/A
A153: Kosovo | B153: #N/A | C153: 4.2461653 | D153: #N/A | E153: 2.543488 | L153: 2.543488 | M153: 10.5 | N153: 0 | O153: 2.543488 | P153: #N/A | Q153: -10
A154: Macao (China) | B154: #N/A | C154: 3.9494219 | D154: #N/A | E154: 3.9795218 | L154: 3.9795218 | M154: 9.5 | N154: 0 | O154: 3.9795218 | P154: #N/A | Q154: -10
A155: Philippines | B155: #N/A | C155: 3.709007 | D155: #N/A | E155: 1.2500614 | L155: 1.2500614 | M155: 8.5 | N155: 0 | O155: 1.2500614 | P155: -10 | Q155: #N/A
A156: Jordan | B156: #N/A | C156: 2.6540837 | D156: #N/A | E156: 1.4092319 | L156: 1.4092319 | M156: 7.5 | N156: 0 | O156: 1.4092319 | P156: -10 | Q156: #N/A
A157: Greece | B157: #N/A | C157: 1.9907651 | D157: #N/A | E157: 2.8935978 | L157: 2.8935978 | M157: 6.5 | N157: 0 | O157: 2.8935978 | P157: -10 | Q157: #N/A
A158: Palestinian Authority | B158: #N/A | C158: 1.6838235 | D158: #N/A | E158: -1.7807077 | L158: -1.7807077 | M158: 5.5 | N158: 1.7807077 | O158: 0 | P158: #N/A | Q158: -10
A159: Albania | B159: #N/A | C159: 1.5715665 | D159: #N/A | E159: 0.11881423 | L159: 0.11881423 | M159: 4.5 | N159: 0 | O159: 0.11881423 | P159: -10 | Q159: #N/A
A160: Morocco | B160: #N/A | C160: 0.47780237 | D160: #N/A | E160: 0.13321435 | L160: 0.13321435 | M160: 3.5 | N160: 0 | O160: 0.13321435 | P160: -10 | Q160: #N/A
A161: Poland | B161: #N/A | C161: -1.2409205 | D161: #N/A | E161: 0.20988302 | L161: 0.20988302 | M161: 2.5 | N161: 0 | O161: 0.20988302 | P161: -10 | Q161: #N/A
A162: Moldova | B162: #N/A | C162: -5.112916 | D162: -7.1328549 | E162: #N/A | L162: -7.1328549 | M162: 1.5 | N162: 7.1328549 | O162: 0 | P162: -10 | Q162: #N/A
A163: Hong Kong (China)* | B163: #N/A | C163: -5.3927612 | D163: -7.7040529 | E163: #N/A | L163: -7.7040529 | M163: 0.5 | N163: 7.7040529 | O163: 0 | P163: #N/A | Q163: -10

Sheet Figure 3
A1: Figure 3
A2: Growth mindset by gender
A3: Percentage of students disagreeing or strongly disagreeing that "your intelligence is something about you that you can't change very much", by gender
A76: Notes: Only countries and economies with available data are shown.
A77: Statistically significant differences between boys and girls are shown in a darker tone (see Reader’s Guide).
A78: Countries and economies are ranked in descending order of the difference between boys and girls.
A79: Source: OECD, PISA 2022 Database, Table B.10.
B85: Girls | D85: Boys
B86: Significant change | C86: Non-significant change | D86: Significant change | E86: Non-significant change
B87: % | C87: % | D87: % | E87: % | M87: spacing | N87: positive error | O87: negative error | P87: CNT | Q87: Sub-nat entities
A88: Dominican Republic | B88: 33.442963 | C88: #N/A | D88: 43.841732 | E88: #N/A | L88: 10.398769 | M88: 75.5 | N88: 0 | O88: 10.398769 | P88: 0 | Q88: #N/A
A89: Uruguay | B89: 47.674374 | C89: #N/A | D89: 56.744865 | E89: #N/A | L89: 9.0704918 | M89: 74.5 | N89: 0 | O89: 9.0704918 | P89: 0 | Q89: #N/A
A90: Qatar | B90: 41.656601 | C90: #N/A | D90: 49.662678 | E90: #N/A | L90: 8.0060768 | M90: 73.5 | N90: 0 | O90: 8.0060768 | P90: 0 | Q90: #N/A
A91: Jamaica* | B91: 31.91021 | C91: #N/A | D91: 39.606514 | E91: #N/A | L91: 7.6963043 | M91: 72.5 | N91: 0 | O91: 7.6963043 | P91: 0 | Q91: #N/A
A92: Moldova | B92: 30.426281 | C92: #N/A | D92: 37.448593 | E92: #N/A | L92: 7.0223122 | M92: 71.5 | N92: 0 | O92: 7.0223122 | P92: 0 | Q92: #N/A
A93: Peru | B93: 40.138439 | C93: #N/A | D93: 47.042675 | E93: #N/A | L93: 6.9042358 | M93: 70.5 | N93: 0 | O93: 6.9042358 | P93: 0 | Q93: #N/A
A94: Morocco | B94: 45.481415 | C94: #N/A | D94: 51.607574 | E94: #N/A | L94: 6.1261597 | M94: 69.5 | N94: 0 | O94: 6.1261597 | P94: 0 | Q94: #N/A
A95: Hong Kong (China)* | B95: 36.874767 | C95: #N/A | D95: 42.947182 | E95: #N/A | L95: 6.0724144 | M95: 68.5 | N95: 0 | O95: 6.0724144 | P95: #N/A | Q95: 0
A96: El Salvador | B96: 32.969898 | C96: #N/A | D96: 38.852612 | E96: #N/A | L96: 5.8827133 | M96: 67.5 | N96: 0 | O96: 5.8827133 | P96: 0 | Q96: #N/A
A97: Panama* | B97: 36.618488 | C97: #N/A | D97: 42.48959 | E97: #N/A | L97: 5.8711014 | M97: 66.5 | N97: 0 | O97: 5.8711014 | P97: 0 | Q97: #N/A
A98: Albania | B98: 28.021019 | C98: #N/A | D98: 33.802288 | E98: #N/A | L98: 5.7812691 | M98: 65.5 | N98: 0 | O98: 5.7812691 | P98: 0 | Q98: #N/A
A99: Jordan | B99: 46.688061 | C99: #N/A | D99: 52.376884 | E99: #N/A | L99: 5.6888237 | M99: 64.5 | N99: 0 | O99: 5.6888237 | P99: 0 | Q99: #N/A
A100: Palestinian Authority | B100: 38.391392 | C100: #N/A | D100: 43.837646 | E100: #N/A | L100: 5.4462547 | M100: 63.5 | N100: 0 | O100: 5.4462547 | P100: #N/A | Q100: 0
A101: Macao (China) | B101: 38.195118 | C101: #N/A | D101: 43.327972 | E101: #N/A | L101: 5.1328545 | M101: 62.5 | N101: 0 | O101: 5.1328545 | P101: #N/A | Q101: 0
A102: North Macedonia | B102: 37.754097 | C102: #N/A | D102: 42.254517 | E102: #N/A | L102: 4.5004196 | M102: 61.5 | N102: 0 | O102: 4.5004196 | P102: 0 | Q102: #N/A
A103: Kosovo | B103: 31.739868 | C103: #N/A | D103: 36.236782 | E103: #N/A | L103: 4.4969139 | M103: 60.5 | N103: 0 | O103: 4.4969139 | P103: #N/A | Q103: 0
A104: Malaysia | B104: 35.989239 | C104: #N/A | D104: 40.324039 | E104: #N/A | L104: 4.3348007 | M104: 59.5 | N104: 0 | O104: 4.3348007 | P104: 0 | Q104: #N/A
A105: Thailand | B105: 46.16024 | C105: #N/A | D105: 50.423557 | E105: #N/A | L105: 4.2633171 | M105: 58.5 | N105: 0 | O105: 4.2633171 | P105: 0 | Q105: #N/A
A106: Uzbekistan | B106: 50.200779 | C106: #N/A | D106: 54.363419 | E106: #N/A | L106: 4.1626396 | M106: 57.5 | N106: 0 | O106: 4.1626396 | P106: 0 | Q106: #N/A
A107: Japan | B107: 69.06263 | C107: #N/A | D107: 72.971626 | E107: #N/A | L107: 3.9089966 | M107: 56.5 | N107: 0 | O107: 3.9089966 | P107: 0 | Q107: #N/A
A108: Philippines | B108: 33.435917 | C108: #N/A | D108: 37.327278 | E108: #N/A | L108: 3.8913612 | M108: 55.5 | N108: 0 | O108: 3.8913612 | P108: 0 | Q108: #N/A
A109: Chinese Taipei | B109: 52.960289 | C109: #N/A | D109: 56.791771 | E109: #N/A | L109: 3.8314819 | M109: 54.5 | N109: 0 | O109: 3.8314819 | P109: #N/A | Q109: 0
A110: Iceland | B110: 54.986599 | C110: #N/A | D110: 58.795895 | E110: #N/A | L110: 3.8092957 | M110: 53.5 | N110: 0 | O110: 3.8092957 | P110: 0 | Q110: #N/A
A111: Indonesia | B111: 33.591427 | C111: #N/A | D111: 37.262836 | E111: #N/A | L111: 3.6714096 | M111: 52.5 | N111: 0 | O111: 3.6714096 | P111: 0 | Q111: #N/A
A112: United Arab Emirates | B112: 47.846729 | C112: #N/A | D112: 51.392029 | E112: #N/A | L112: 3.5452995 | M112: 51.5 | N112: 0 | O112: 3.5452995 | P112: 0 | Q112: #N/A
A113: Mexico | B113: 40.084755 | C113: #N/A | D113: 43.233597 | E113: #N/A | L113: 3.1488419 | M113: 50.5 | N113: 0 | O113: 3.1488419 | P113: 0 | Q113: #N/A
A114: Baku (Azerbaijan) | B114: 41.782093 | C114: #N/A | D114: 44.906277 | E114: #N/A | L114: 3.1241837 | M114: 49.5 | N114: 0 | O114: 3.1241837 | P114: #N/A | Q114: 0
A115: Colombia | B115: 41.154316 | C115: #N/A | D115: 44.092396 | E115: #N/A | L115: 2.9380798 | M115: 48.5 | N115: 0 | O115: 2.9380798 | P115: 0 | Q115: #N/A
A116: Korea | B116: 53.034592 | C116: #N/A | D116: 55.90126 | E116: #N/A | L116: 2.8666687 | M116: 47.5 | N116: 0 | O116: 2.8666687 | P116: 0 | Q116: #N/A
A117: Saudi Arabia | B117: 39.500271 | C117: #N/A | D117: 42.358944 | E117: #N/A | L117: 2.8586731 | M117: 46.5 | N117: 0 | O117: 2.8586731 | P117: 0 | Q117: #N/A
A118: Czechia | B118: #N/A | C118: 48.913193 | D118: #N/A | E118: 51.580353 | L118: 2.66716 | M118: 45.5 | N118: 0 | O118: 2.66716 | P118: 0 | Q118: #N/A
A119: United Kingdom* | B119: #N/A | C119: 62.301308 | D119: #N/A | E119: 64.918617 | L119: 2.6173096 | M119: 44.5 | N119: 0 | O119: 2.6173096 | P119: 0 | Q119: #N/A
A120: Argentina | B120: #N/A | C120: 47.065098 | D120: #N/A | E120: 49.593895 | L120: 2.5287971 | M120: 43.5 | N120: 0 | O120: 2.5287971 | P120: 0 | Q120: #N/A
A121: Lithuania | B121: #N/A | C121: 56.369755 | D121: #N/A | E121: 58.71706 | L121: 2.3473053 | M121: 42.5 | N121: 0 | O121: 2.3473053 | P121: 0 | Q121: #N/A
A122: Netherlands* | B122: #N/A | C122: 40.01189 | D122: #N/A | E122: 42.259197 | L122: 2.2473068 | M122: 41.5 | N122: 0 | O122: 2.2473068 | P122: 0 | Q122: #N/A
A123: Kazakhstan | B123: #N/A | C123: 65.964638 | D123: #N/A | E123: 67.754616 | L123: 1.789978 | M123: 40.5 | N123: 0 | O123: 1.789978 | P123: 0 | Q123: #N/A
A124: United States* | B124: #N/A | C124: 68.943329 | D124: #N/A | E124: 70.668083 | L124: 1.7247543 | M124: 39.5 | N124: 0 | O124: 1.7247543 | P124: 0 | Q124: #N/A
A125: New Zealand* | B125: #N/A | C125: 64.285851 | D125: #N/A | E125: 65.968132 | L125: 1.6822815 | M125: 38.5 | N125: 0 | O125: 1.6822815 | P125: 0 | Q125: #N/A
A126: Türkiye | B126: #N/A | C126: 47.344685 | D126: #N/A | E126: 48.907543 | L126: 1.5628586 | M126: 37.5 | N126: 0 | O126: 1.5628586 | P126: 0 | Q126: #N/A
A127: Latvia* | B127: #N/A | C127: 58.090954 | D127: #N/A | E127: 59.514938 | L127: 1.4239845 | M127: 36.5 | N127: 0 | O127: 1.4239845 | P127: 0 | Q127: #N/A
A128: Slovenia | B128: #N/A | C128: 51.636555 | D128: #N/A | E128: 52.647663 | L128: 1.0111084 | M128: 35.5 | N128: 0 | O128: 1.0111084 | P128: 0 | Q128: #N/A
A129: Georgia | B129: #N/A | C129: 56.299496 | D129: #N/A | E129: 57.305069 | L129: 1.0055733 | M129: 34.5 | N129: 0 | O129: 1.0055733 | P129: 0 | Q129: #N/A
... A139: Slovak Republic | B139: #N/A | C139: 56.375927 | D139: #N/A | E139: 55.846962 | L139: -0.528965 | M139: 24.5 | N139: 0.528965 | O139: 0 | P139: 0 | Q139: #N/A
A140: OECD average | B140: 58.087582 | C140: #N/A | D140: 57.528114 | E140: #N/A | L140: -0.55946732 | M140: 23.5 | N140: 0.55946732 | O140: 0 | P140: 0 | Q140: #N/A
A141: Hungary | B141: #N/A | C141: 57.203056 | D141: #N/A | E141: 56.35305 | L141: -0.8500061 | M141: 22.5 | N141: 0.8500061 | O141: 0 | P141: 0 | Q141: #N/A
A142: Sweden | B142: #N/A | C142: 71.072838 | D142: #N/A | E142: 69.819191 | L142: -1.2536469 | M142: 21.5 | N142: 1.2536469 | O142: 0 | P142: 0 | Q142: #N/A
A143: Poland | B143: #N/A | C143: 54.120632 | D143: #N/A | E143: 52.618351 | L143: -1.5022812 | M143: 20.5 | N143: 1.5022812 | O143: 0 | P143: 0 | Q143: #N/A
A144: Spain | B144: 53.656956 | C144: #N/A | D144: 52.07209 | E144: #N/A | L144: -1.5848656 | M144: 19.5 | N144: 1.5848656 | O144: 0 | P144: 0 | Q144: #N/A
A145: Austria | B145: #N/A | C145: 72.346283 | D145: #N/A | E145: 70.594971 | L145: -1.7513123 | M145: 18.5 | N145: 1.7513123 | O145: 0 | P145: 0 | Q145: #N/A
A146: Canada* | B146: #N/A | C146: 63.427071 | D146: #N/A | E146: 61.494057 | L146: -1.9330139 | M146: 17.5 | N146: 1.9330139 | O146: 0 | P146: 0 | Q146: #N/A
A147: Denmark* | B147: #N/A | C147: 63.679016 | D147: #N/A | E147: 61.650921 | L147: -2.0280952 | M147: 16.5 | N147: 2.0280952 | O147: 0 | P147: 0 | Q147: #N/A
A148: Singapore | B148: #N/A | C148: 61.939411 | D148: #N/A | E148: 59.838852 | L148: -2.1005592 | M148: 15.5 | N148: 2.1005592 | O148: 0 | P148: 0 | Q148: #N/A
A149: Croatia | B149: #N/A | C149: 55.301468 | D149: #N/A | E149: 53.039577 | L149: -2.2618904 | M149: 14.5 | N149: 2.2618904 | O149: 0 | P149: 0 | Q149: #N/A
A150: Norway | B150: 59.980057 | C150: #N/A | D150: 57.478298 | E150: #N/A | L150: -2.5017586 | M150: 13.5 | N150: 2.5017586 | O150: 0 | P150: 0 | Q150: #N/A
A151: Ukrainian regions (18 of 27) | B151: #N/A | C151: 60.48138 | D151: #N/A | E151: 57.934639 | L151: -2.5467415 | M151: 12.5 | N151: 2.5467415 | O151: 0 | P151: #N/A | Q151: 0
A152: Belgium | B152: 53.950481 | C152: #N/A | D152: 51.213367 | E152: #N/A | L152: -2.737114 | M152: 11.5 | N152: 2.737114 | O152: 0 | P152: 0 | Q152: #N/A
A153: Romania | B153: 44.189762 | C153: #N/A | D153: 41.394165 | E153: #N/A | L153: -2.7955971 | M153: 10.5 | N153: 2.7955971 | O153: 0 | P153: 0 | Q153: #N/A
A154: Greece | B154: 42.207287 | C154: #N/A | D154: 39.110767 | E154: #N/A | L154: -3.0965195 | M154: 9.5 | N154: 3.0965195 | O154: 0 | P154: 0 | Q154: #N/A
A155: Malta | B155: #N/A | C155: 51.045162 | D155: #N/A | E155: 47.919743 | L155: -3.1254196 | M155: 8.5 | N155: 3.1254196 | O155: 0 | P155: 0 | Q155: #N/A
A156: Italy | B156: 51.683121 | C156: #N/A | D156: 47.798813 | E156: #N/A | L156: -3.8843079 | M156: 7.5 | N156: 3.8843079 | O156: 0 | P156: 0 | Q156: #N/A
A157: Serbia | B157: 53.23386 | C157: #N/A | D157: 49.257332 | E157: #N/A | L157: -3.9765282 | M157: 6.5 | N157: 3.9765282 | O157: 0 | P157: 0 | Q157: #N/A
A158: France | B158: 47.817448 | C158: #N/A | D158: 43.728325 | E158: #N/A | L158: -4.0891228 | M158: 5.5 | N158: 4.0891228 | O158: 0 | P158: 0 | Q158: #N/A
A159: Estonia | B159: 76.242271 | C159: #N/A | D159: 71.582771 | E159: #N/A | L159: -4.6595001 | M159: 4.5 | N159: 4.6595001 | O159: 0 | P159: 0 | Q159: #N/A
A160: Portugal | B160: 56.741341 | C160: #N/A | D160: 51.612545 | E160: #N/A | L160: -5.1287956 | M160: 3.5 | N160: 5.1287956 | O160: 0 | P160: 0 | Q160: #N/A
A161: Germany | B161: 74.737099 | C161: #N/A | D161: 69.554527 | E161: #N/A | L161: -5.1825714 | M161: 2.5 | N161: 5.1825714 | O161: 0 | P161: 0 | Q161: #N/A
A162: Finland | B162: 62.342159 | C162: #N/A | D162: 56.06929 | E162: #N/A | L162: -6.2728691 | M162: 1.5 | N162: 6.2728691 | O162: 0 | P162: 0 | Q162: #N/A
A163: Switzerland | B163: 64.532532 | C163: #N/A | D163: 57.713768 | E163: #N/A | L163: -6.8187637 | M163: 0.5 | N163: 6.8187637 | O163: 0 | P163: 0 | Q163: #N/A

Sheet Figure 4
A1: Figure 4
A2: Growth mindset by student performance
A3: Percentage of students disagreeing or strongly disagreeing that "your intelligence is something about you that you can't change very much", by level of performance in mathematics
A76: Notes: Only countries and economies with available data are shown.
A77: Countries and economies are ranked in descending order of the percentage of students disagreeing or strongly disagreeing that "your intelligence is something about you that you can't change very much" among mid performers in mathematics.
A78: Source: OECD, PISA 2022 Database, Table B.1.
B84: Low performers | C84: Mid performers | D84: Top performers
B85: % | C85: % | D85: % | J85: Min | K85: Max | L85: spacing | M85: positive error | N85: negative error | O85: CNT | P85: Sub-nat entities
A86: Brazil | B86: 53.805759 | C86: 78.032936 | D86: 84.415092 | J86: 53.805759 | K86: 84.415092 | L86: 75.5 | M86: 6.3821564 | N86: 24.227177 | O86: 0 | P86: #N/A
A87: United States* | B87: 53.017178 | C87: 76.783897 | D87: 85.115784 | J87: 53.017178 | K87: 85.115784 | L87: 74.5 | M87: 8.3318863 | N87: 23.76672 | O87: 0 | P87: #N/A
A88: Ireland* | B88: 53.013702 | C88: 76.264961 | D88: 87.294975 | J88: 53.013702 | K88: 87.294975 | L88: 73.5 | M88: 11.030014 | N88: 23.251259 | O88: 0 | P88: #N/A
A89: Germany | B89: 64.609779 | C89: 75.185158 | D89: 70.618919 | J89: 64.609779 | K89: 75.185158 | L89: 72.5 | M89: 0 | N89: 10.575378 | O89: 0 | P89: #N/A
A90: Estonia | B90: 61.168625 | C90: 75.152298 | D90: 80.405556 | J90: 61.168625 | K90: 80.405556 | L90: 71.5 | M90: 5.2532578 | N90: 13.983673 | O90: 0 | P90: #N/A
A91: Austria | B91: 60.292931 | C91: 74.320839 | D91: 76.464394 | J91: 60.292931 | K91: 76.464394 | L91: 70.5 | M91: 2.1435547 | N91: 14.027908 | O91: 0 | P91: #N/A
A92: Chile | B92: 50.924793 | C92: 72.237434 | D92: 71.144699 | J92: 50.924793 | K92: 72.237434 | L92: 69.5 | M92: 0 | N92: 21.312641 | O92: 0 | P92: #N/A
A93: Sweden | B93: 64.013023 | C93: 71.941772 | D93: 75.388901 | J93: 64.013023 | K93: 75.388901 | L93: 68.5 | M93: 3.4471283 | N93: 7.9287491 | O93: 0 | P93: #N/A
A94: Kazakhstan | B94: 62.982327 | C94: 70.248459 | D94: 81.801491 | J94: 62.982327 | K94: 81.801491 | L94: 67.5 | M94: 11.553032 | N94: 7.2661324 | O94: 0 | P94: #N/A
A95: Japan | B95: 62.377178 | C95: 69.89534 | D95: 78.492241 | J95: 62.377178 | K95: 78.492241 | L95: 66.5 | M95: 8.5969009 | N95: 7.5181618 | O95: 0 | P95: #N/A
A96: Australia* | B96: 46.098351 | C96: 69.642349 | D96: 84.231888 | J96: 46.098351 | K96: 84.231888 | L96: 65.5 | M96: 14.589539 | N96: 23.543999 | O96: 0 | P96: #N/A
A97: New Zealand* | B97: 47.510067 | C97: 69.235847 | D97: 80.52478 | J97: 47.510067 | K97: 80.52478 | L97: 64.5 | M97: 11.288933 | N97: 21.72578 | O97: 0 | P97: #N/A
A98: Costa Rica | B98: 47.839603 | C98: 68.884697 | D98: #N/A | J98: 47.839603 | K98: 68.884697 | L98: 63.5 | M98: 0 | N98: 21.045094 | O98: 0 | P98: #N/A
A99: United Kingdom* | B99: 46.781807 | C99: 66.640175 | D99: 76.899162 | J99: 46.781807 | K99: 76.899162 | L99: 62.5 | M99: 10.258987 | N99: 19.858368 | O99: 0 | P99: #N/A
A100: Denmark* | B100: 46.837204 | C100: 65.136452 | D100: 74.945816 | J100: 46.837204 | K100: 74.945816 | L100: 61.5 | M100: 9.8093643 | N100: 18.299248 | O100: 0 | P100: #N/A
A101: Ukrainian regions (18 of 27) | B101: 51.001781 | C101: 64.610657 | D101: 69.719261 | J101: 51.001781 | K101: 69.719261 | L101: 60.5 | M101: 5.1086044 | N101: 13.608875 | O101: #N/A | P101: 0
A102: Canada* | B102: 46.8974 | C102: 64.250992 | D102: 74.611961 | J102: 46.8974 | K102: 74.611961 | L102: 59.5 | M102: 10.36097 | N102: 17.353592 | O102: 0 | P102: #N/A
A103: Georgia | B103: 52.367832 | C103: 63.232983 | D103: 72.940918 | J103: 52.367832 | K103: 72.940918 | L103: 58.5 | M103: 9.7079353 | N103: 10.86515 | O103: 0 | P103: #N/A
A104: Bulgaria | B104: 54.714405 | C104: 62.626961 | D104: 67.092064 | J104: 54.714405 | K104: 67.092064 | L104: 57.5 | M104: 4.4651031 | N104: 7.9125557 | O104: 0 | P104: #N/A
A105: Switzerland | B105: 55.176128 | C105: 62.419998 | D105: 61.995872 | J105: 55.176128 | K105: 62.419998 | L105: 56.5 | M105: 0 | N105: 7.2438698 | O105: 0 | P105: #N/A
A106: Norway | B106: 49.890221 | C106: 60.97525 | D106: 70.683022 | J106: 49.890221 | K106: 70.683022 | L106: 55.5 | M106: 9.7077713 | N106: 11.08503 | O106: 0 | P106: #N/A
A107: OECD average | B107: 49.106384 | C107: 60.916706 | D107: 66.773613 | J107: 49.106384 | K107: 66.773613 | L107: 54.5 | M107: 5.8569069 | N107: 11.810322 | O107: 0 | P107: #N/A
A108: Argentina | B108: 42.174183 | C108: 60.266388 | D108: 63.743206 | J108: 42.174183 | K108: 63.743206 | L108: 53.5 | M108: 3.4768181 | N108: 18.092205 | O108: 0 | P108: #N/A
A109: Finland | B109: 52.405182 | C109: 60.244453 | D109: 67.516006 | J109: 52.405182 | K109: 67.516006 | L109: 52.5 | M109: 7.271553 | N109: 7.8392715 | O109: 0 | P109: #N/A
A110: Singapore | B110: 36.326256 | C110: 59.756855 | D110: 67.025429 | J110: 36.326256 | K110: 67.025429 | L110: 51.5 | M110: 7.2685738 | N110: 23.430599 | O110: 0 | P110: #N/A
A111: Latvia* | B111: 49.746975 | C111: 59.756783 | D111: 76.859016 | J111: 49.746975 | K111: 76.859016 | L111: 50.5 | M111: 17.102234 | N111: 10.009808 | O111: 0 | P111: #N/A
A112: Portugal | B112: 39.066517 | C112: 59.469982 | D112: 65.101509 | J112: 39.066517 | K112: 65.101509 | L112: 49.5 | M112: 5.6315269 | N112: 20.403465 | O112: 0 | P112: #N/A
A113: Uruguay | B113: 44.587399 | C113: 59.440762 | D113: 71.526741 | J113: 44.587399 | K113: 71.526741 | L113: 48.5 | M113: 12.085979 | N113: 14.853363 | O113: 0 | P113: #N/A
... A117: Iceland | B117: 50.011723 | C117: 58.459023 | D117: 73.355843 | J117: 50.011723 | K117: 73.355843 | L117: 44.5 | M117: 14.89682 | N117: 8.4473 | O117: 0 | P117: #N/A
A118: Chinese Taipei | B118: 46.065308 | C118: 57.534084 | D118: 54.487564 | J118: 46.065308 | K118: 57.534084 | L118: 43.5 | M118: 0 | N118: 11.468777 | O118: #N/A | P118: 0
A119: Slovak Republic | B119: 51.443287 | C119: 57.479416 | D119: 62.398907 | J119: 51.443287 | K119: 62.398907 | L119: 42.5 | M119: 4.9194908 | N119: 6.036129 | O119: 0 | P119: #N/A
A120: Croatia | B120: 48.579041 | C120: 56.655346 | D120: 57.068066 | J120: 48.579041 | K120: 57.068066 | L120: 41.5 | M120: 0.41271973 | N120: 8.0763054 | O120: 0 | P120: #N/A
A121: Panama* | B121: 35.057491 | C121: 56.456741 | D121: #N/A | J121: 35.057491 | K121: 56.456741 | L121: 40.5 | M121: 0 | N121: 21.39925 | O121: 0 | P121: #N/A
A122: Colombia | B122: 35.958199 | C122: 56.130272 | D122: 71.013123 | J122: 35.958199 | K122: 71.013123 | L122: 39.5 | M122: 14.882851 | N122: 20.172073 | O122: 0 | P122: #N/A
A123: Peru | B123: 36.025814 | C123: 55.867313 | D123: 79.734978 | J123: 36.025814 | K123: 79.734978 | L123: 38.5 | M123: 23.867664 | N123: 19.841499 | O123: 0 | P123: #N/A
A124: Uzbekistan | B124: 51.404915 | C124: 55.328232 | D124: #N/A | J124: 51.404915 | K124: 55.328232 | L124: 37.5 | M124: 0 | N124: 3.923317 | O124: 0 | P124: #N/A
A125: United Arab Emirates | B125: 39.472641 | C125: 55.231613 | D125: 78.04528 | J125: 39.472641 | K125: 78.04528 | L125: 36.5 | M125: 22.813667 | N125: 15.758972 | O125: 0 | P125: #N/A
A126: Spain | B126: 45.544945 | C126: 54.956772 | D126: 59.8717 | J126: 45.544945 | K126: 59.8717 | L126: 35.5 | M126: 4.9149284 | N126: 9.4118271 | O126: 0 | P126: #N/A
A127: Korea | B127: 50.633137 | C127: 54.415089 | D127: 57.475414 | J127: 50.633137 | K127: 57.475414 | L127: 34.5 | M127: 3.0603256 | N127: 3.7819519 | O127: 0 | P127: #N/A
A128: Malta | B128: 36.756744 | C128: 54.103153 | D128: 60.239784 | J128: 36.756744 | K128: 60.239784 | L128: 33.5 | M128: 6.136631 | N128: 17.346409 | O128: 0 | P128: #N/A
A129: Serbia | B129: 47.127575 | C129: 54.057655 | D129: 53.950069 | J129: 47.127575 | K129: 54.057655 | L129: 32.5 | M129: 0 | N129: 6.9300804 | O129: 0 | P129: #N/A
A130: Poland | B130: 52.568787 | C130: 53.966846 | D130: 50.941666 | J130: 50.941666 | K130: 53.966846 | L130: 31.5 | M130: 0 | N130: 3.0251808 | O130: 0 | P130: #N/A
A131: Belgium | B131: 46.347183 | C131: 53.677948 | D131: 57.410873 | J131: 46.347183 | K131: 57.410873 | L131: 30.5 | M131: 3.7329254 | N131: 7.3307648 | O131: 0 | P131: #N/A
A132: Jordan | B132: 47.991562 | C132: 53.605732 | D132: #N/A | J132: 47.991562 | K132: 53.605732 | L132: 29.5 | M132: 0 | N132: 5.6141701 | O132: 0 | P132: #N/A
A133: Indonesia | B133: 31.231796 | C133: 53.133419 | D133: #N/A | J133: 31.231796 | K133: 53.133419 | L133: 28.5 | M133: 0 | N133: 21.901623 | O133: 0 | P133: #N/A
A134: Morocco | B134: 47.489086 | C134: 52.502102 | D134: #N/A | J134: 47.489086 | K134: 52.502102 | L134: 27.5 | M134: 0 | N134: 5.0130157 | O134: 0 | P134: #N/A
A135: El Salvador | B135: 33.359482 | C135: 52.430931 | D135: #N/A | J135: 33.359482 | K135: 52.430931 | L135: 26.5 | M135: 0 | N135: 19.071449 | O135: 0 | P135: #N/A
A136: Czechia | B136: 44.386604 | C136: 52.3106 | D136: 50.423641 | J136: 44.386604 | K136: 52.3106 | L136: 25.5 | M136: 0 | N136: 7.923996 | O136: 0 | P136: #N/A
A137: Mexico | B137: 35.612823 | C137: 52.246243 | D137: #N/A | J137: 35.612823 | K137: 52.246243 | L137: 24.5 | M137: 0 | N137: 16.633419 | O137: 0 | P137: #N/A
A138: Slovenia | B138: 46.42643 | C138: 52.068966 | D138: 65.508728 | J138: 46.42643 | K138: 65.508728 | L138: 23.5 | M138: 13.439762 | N138: 5.6425362 | O138: 0 | P138: #N/A
A139: Dominican Republic | B139: 36.580238 | C139: 52.036629 | D139: #N/A | J139: 36.580238 | K139: 52.036629 | L139: 22.5 | M139: 0 | N139: 15.45639 | O139: 0 | P139: #N/A
A140: Jamaica* | B140: 27.297159 | C140: 51.127625 | D140: #N/A | J140: 27.297159 | K140: 51.127625 | L140: 21.5 | M140: 0 | N140: 23.830465 | O140: 0 | P140: #N/A
A141: Italy | B141: 46.856239 | C141: 50.97411 | D141: 50.669327 | J141: 46.856239 | K141: 50.97411 | L141: 20.5 | M141: 0 | N141: 4.1178703 | O141: 0 | P141: #N/A
A142: Brunei Darussalam | B142: 35.819958 | C142: 50.608299 | D142: 73.657707 | J142: 35.819958 | K142: 73.657707 | L142: 19.5 | M142: 23.049408 | N142: 14.788342 | O142: 0 | P142: #N/A
A143: Türkiye | B143: 44.705856 | C143: 50.512783 | D143: 47.413963 | J143: 44.705856 | K143: 50.512783 | L143: 18.5 | M143: 0 | N143: 5.8069267 | O143: 0 | P143: #N/A
A144: Qatar | B144: 39.253349 | C144: 49.600876 | D144: 75.697578 | J144: 39.253349 | K144: 75.697578 | L144: 17.5 | M144: 26.096703 | N144: 10.347527 | O144: 0 | P144: #N/A
A145: Mongolia | B145: 40.219246 | C145: 49.237698 | D145: 70.848412 | J145: 40.219246 | K145: 70.848412 | L145: 16.5 | M145: 21.610714 | N145: 9.0184517 | O145: 0 | P145: #N/A
A146: Montenegro | B146: 45.985863 | C146: 49.223969 | D146: 56.186928 | J146: 45.985863 | K146: 56.186928 | L146: 15.5 | M146: 6.9629593 | N146: 3.2381058 | O146: 0 | P146: #N/A
A147: Romania | B147: 35.349037 | C147: 48.370037 | D147: 55.864281 | J147: 35.349037 | K147: 55.864281 | L147: 14.5 | M147: 7.4942436 | N147: 13.021 | O147: 0 | P147: #N/A
A148: Philippines | B148: 32.777515 | C148: 48.106609 | D148: #N/A | J148: 32.777515 | K148: 48.106609 | L148: 13.5 | M148: 0 | N148: 15.329094 | O148: 0 | P148: #N/A
A149: France | B149: 43.188221 | C149: 46.879574 | D149: 45.428097 | J149: 43.188221 | K149: 46.879574 | L149: 12.5 | M149: 0 | N149: 3.6913528 | O149: 0 | P149: #N/A
A150: North Macedonia | B150: 35.539417 | C150: 46.874081 | D150: 54.184261 | J150: 35.539417 | K150: 54.184261 | L150: 11.5 | M150: 7.3101807 | N150: 11.334663 | O150: 0 | P150: #N/A
A151: Saudi Arabia | B151: 38.687508 | C151: 45.13699 | D151: #N/A | J151: 38.687508 | K151: 45.13699 | L151: 10.5 | M151: 0 | N151: 6.449482 | O151: 0 | P151: #N/A
A152: Baku (Azerbaijan) | B152: 41.426201 | C152: 44.872753 | D152: 55.413235 | J152: 41.426201 | K152: 55.413235 | L152: 9.5 | M152: 10.540482 | N152: 3.4465523 | O152: #N/A | P152: 0
A153: Palestinian Authority | B153: 39.478619 | C153: 44.042297 | D153: #N/A | J153: 39.478619 | K153: 44.042297 | L153: 8.5 | M153: 0 | N153: 4.5636787 | O153: #N/A | P153: 0
A154: Greece | B154: 39.811642 | C154: 41.31823 | D154: 42.770309 | J154: 39.811642 | K154: 42.770309 | L154: 7.5 | M154: 1.4520798 | N154: 1.506588 | O154: 0 | P154: #N/A
A155: Hong Kong (China)* | B155: 40.36359 | C155: 41.135731 | D155: 37.582832 | J155: 37.582832 | K155: 41.135731 | L155: 6.5 | M155: 0 | N155: 3.5528984 | O155: #N/A | P155: 0
A156: Netherlands* | B156: 36.958195 | C156: 40.705502 | D156: 48.133312 | J156: 36.958195 | K156: 48.133312 | L156: 5.5 | M156: 7.4278107 | N156: 3.7473068 | O156: 0 | P156: #N/A
A157: Macao (China) | B157: 38.227272 | C157: 40.564968 | D157: 42.190361 | J157: 38.227272 | K157: 42.190361 | L157: 4.5 | M157: 1.6253929 | N157: 2.3376961 | O157: #N/A | P157: 0
A158: Kosovo | B158: 32.4842 | C158: 40.317081 | D158: #N/A | J158: 32.4842 | K158: 40.317081 | L158: 3.5 | M158: 0 | N158: 7.8328819 | O158: #N/A | P158: 0
A159: Malaysia | B159: 36.382599 | C159: 39.495663 | D159: 74.797493 | J159: 36.382599 | K159: 74.797493 | L159: 2.5 | M159: 35.30183 | N159: 3.1130638 | O159: 0 | P159: #N/A
A160: Moldova | B160: 34.995102 | C160: 32.887833 | D160: 33.301174 | J160: 32.887833 | K160: 34.995102 | L160: 1.5 | M160: 2.1072693 | N160: 0 | O160: 0 | P160: #N/A
A161: Albania | B161: 29.929779 | C161: 31.650503 | D161: 57.081059 | J161: 29.929779 | K161: 57.081059 | L161: 0.5 | M161: 25.430555 | N161: 1.7207241 | O161: 0 | P161: #N/A

Sheet Figure 5
A1: Figure 5
A2: Growth mindset and mathematics performance, by student performance
A3: Change in mathematics performance when students disagreed or strongly disagreed that "your intelligence is something about you that you can’t change very much", by level of performance in mathematics; OECD average
A35: 1. The socio-economic profile is measured by the PISA index of economic, social and cultural status (ESCS).
A36: Note: Coefficients that are statistically significant are shown in a darker tone (see Reader’s Guide).
A37: Source: OECD, PISA 2022 Database, Table B.14.
B40: Before accounting for students' and schools' socio-economic profile¹ | D40: After accounting for students' and schools' socio-economic profile
B41: Significant change | C41: Non-significant change | D41: Significant change | E41: Non-significant change
B42: Score dif. | C42: Score dif. | D42: Score dif. | E42: Score dif.
A43: Low performers (Below Level 2) | B43: 2.009995 | C43: #N/A | D43: 1.571463 | E43: #N/A
A44: Mid performers (Between Levels 2 to 4) | B44: 9.5042572 | C44: #N/A | D44: 8.129281 | E44: #N/A
A45: Top performers (Level 5 and above) | B45: #N/A | C45: -0.32784528 | D45: #N/A | E45: -0.37899998

Sheet Figure_6
A1: Figure_6
A2: Interquartile difference of the relationship between growth mindset and performance in mathematics and share of low performers
A48: Note: Only countries and economies with available data are shown.
A49: The interquartile difference (IQD) is defined as the gap between the estimated coefficients at the 75th and 25th percentiles of the performance distribution.
A50: Source: OECD, PISA 2022 Database, Tables I.B1.3.1 and B.16.
A52: Information on data for Cyprus: https://oe.cd/cyprus-disclaimer
B53: Interquartile difference | C53: Low performers in mathematics
B54: Score dif. | C54: %
A55: Albania | B55: 19.1713 | C55: 73.94312 | E55: 0 | F55: -0.19576944
A56: United Arab Emirates | B56: 43.4923 | C56: 48.99965 | E56: 100 | F56: -0.19576944
A57: Argentina | B57: 11.8482 | C57: 72.930062
A58: Australia* | B58: 7.6299 | C58: 26.342831 | E58: -40 | F58: 30.920508
A59: Austria | B59: -17.8755 | C59: 24.861008 | E59: 60 | F59: 30.920508
A60: Belgium | B60: -4.3833 | C60: 24.954413
A61: Bulgaria | B61: 8.1784 | C61: 53.599821
A62: Brazil | B62: 24.0441 | C62: 73.381533
A63: Brunei Darussalam | B63: 35.5395 | C63: 41.896361
A64: Canada* | B64: -3.7705 | C64: 21.625724
A65: Switzerland | B65: -10.863 | C65: 19.457551
A66: Chile | B66: 11.0885 | C66: 55.709621
A67: Colombia | B67: 17.2357 | C67: 71.22023
A68: Costa Rica | B68: 3.4777 | C68: 71.836952
A69: Czechia | B69: -9.8787 | C69: 25.523958
A70: Germany | B70: -20.185 | C70: 29.505209
A71: Denmark* | B71: -4.1209 | C71: 20.434414
... A132: OECD average | B132: -0.19576944 | C132: 30.920508

Sheet Figure 7
A1: Figure 7
A2: Growth mindset, self-belief and attitudes, by level of performance
A3: Change in the following student self-beliefs and attitudes when they disagreed or strongly disagreed that "your intelligence is something about you that you can’t change very much", by level of performance in mathematics; OECD average
A34: Notes: differences are accounting for gender and students' and schools' socio-economic profile.
A35: The socio-economic profile is measured by the PISA index of economic, social and cultural status (ESCS).
A36: Differences that are statistically significant are shown in a darker tone (see Reader’s Guide).
A37: Source: OECD, PISA 2022 Database, Tables B.19 and B.21.
B40: Index of mathematics self-efficacy: Formal and applied mathematics | D40: Index of persistence | F40: Index of curiosity
B41: Significant change | C41: Non-significant change | D41: Significant change | E41: Non-significant change | F41: Significant change | G41: Non-significant change
B42: Index dif. | C42: Index dif. | D42: Index dif. | E42: Index dif. | F42: Index dif. | G42: Index dif.
A43: Low performers (Below Level 2) | B43: #N/A | C43: 0.0058372682 | D43: #N/A | E43: 0.016026579 | F43: -0.045064136 | G43: #N/A
A44: Mid performers (Between Levels 2 to 4) | B44: 0.11910756 | C44: #N/A | D44: 0.13942312 | E44: #N/A | F44: 0.1175023 | G44: #N/A
A45: Top performers (Level 5 and above) | B45: #N/A | C45: -0.025847541 | D45: 0.14285748 | E45: #N/A | F45: 0.10448048 | G45: #N/A

Sheet Figure 8
A1: Figure 8
A2: Growth mindset and confidence in self-directed learning, by level of performance
A3: Change in self-directed learning when students disagreed or strongly disagreed that "your intelligence is something about you that you can’t change very much", by level of performance in mathematics
A76: Notes: Only countries and economies with available data are shown.
A77: Statistically significant differences are shown in a darker tone (see Reader’s Guide).
A78: Countries and economies are ranked in descending order of the difference for mid performers (between Levels 2 to 4) in mathematics.
A79: Source: OECD, PISA 2022 Database, Table B.19.
B85: Low performers | D85: Mid performers | F85: Top performers
B86: Significant change | C86: Non-significant change | D86: Significant change | E86: Non-significant change | F86: Significant change | G86: Non-significant change
B87: Index dif. | C87: Index dif. | D87: Index dif. | E87: Index dif. | F87: Index dif. | G87: Index dif. | I87: min | J87: max | K87: low | L87: med | O87: spacing | P87: positive error low | Q87: negative error low | R87: positive error med | S87: negative error med | T87: CNT | U87: Sub-nat entities
A88: New Zealand* | B88: #N/A | C88: 0.047820695 | D88: 0.31848094 | E88: #N/A | F88: #N/A | G88: 0.090449318 | I88: 0.047820695 | J88: 0.31848094 | K88: 0.047820695 | L88: 0.31848094 | N88: 0.27066024 | O88: 70.5 | P88: 0.27066024 | Q88: 0 | R88: 0 | S88: 0.27066024 | T88: -0.3 | U88: #N/A
A89: Chinese Taipei | B89: #N/A | C89: 0.26138371 | D89: 0.31623968 | E89: #N/A | F89: 0.24129364 | G89: #N/A | I89: 0.24129364 | J89: 0.31623968 | K89: 0.26138371 | L89: 0.31623968 | N89: 0.074946046 | O89: 69.5 | P89: 0 | Q89: 0 | R89: 0 | S89: 0.074946046 | T89: #N/A | U89: -0.3
A90: Ireland* | B90: 0.2490527 | C90: #N/A | D90: 0.30900428 | E90: #N/A | F90: #N/A | G90: 0.21384075 | I90: 0.21384075 | J90: 0.30900428 | K90: 0.2490527 | L90: 0.30900428 | N90: 0.095163524 | O90: 68.5 | P90: 0 | Q90: 0 | R90: 0 | S90: 0.095163524 | T90: -0.3 | U90: #N/A
A91: United Kingdom* | B91: #N/A | C91: 0.12836768 | D91: 0.26127946 | E91: #N/A | F91: 0.19779553 | G91: #N/A | I91: 0.12836768 | J91: 0.26127946 | K91: 0.12836768 | L91: 0.26127946 | N91: 0.13291179 | O91: 67.5 | P91: 0.13291179 | Q91: 0 | R91: 0 | S91: 0.13291179 | T91: -0.3 | U91: #N/A
A92: Hong Kong (China)* | B92: #N/A | C92: 0.12275821 | D92: 0.24899629 | E92: #N/A | F92: 0.1584014 | G92: #N/A | I92: 0.12275821 | J92: 0.24899629 | K92: 0.12275821 | L92: 0.24899629 | N92: 0.12623808 | O92: 66.5 | P92: 0.12623808 | Q92: 0 | R92: 0 | S92: 0.12623808 | T92: #N/A | U92: -0.3
A93: Korea | B93: #N/A | C93: 0.049238712 | D93: 0.24696347 | E93: #N/A | F93: #N/A | G93: 0.054735444 | I93: 0.049238712 | J93: 0.24696347 | K93: 0.049238712 | L93: 0.24696347 | N93: 0.19772476 | O93: 65.5 | P93: 0.19772476 | Q93: 0 | R93: 0 | S93: 0.19772476 | T93: -0.3 | U93: #N/A
A94: Austria | B94: #N/A | C94: 0.029711066 | D94: 0.23068129 | E94: #N/A | F94: #N/A | G94: 0.17213711 | I94: 0.029711066 | J94: 0.23068129 | K94: 0.029711066 | L94: 0.23068129 | N94: 0.20097022 | O94: 64.5 | P94: 0.20097022 | Q94: 0 | R94: 0 | S94: 0.20097022 | T94: -0.3 | U94: #N/A
A95: Macao (China) | B95: #N/A | C95: 0.075189002 | D95: 0.21582562 | E95: #N/A | F95: 0.23579183 | G95: #N/A | I95: 0.075189002 | J95: 0.23579183 | K95: 0.075189002 | L95: 0.21582562 | N95: 0.16060283 | O95: 63.5 | P95: 0.16060283 | Q95: 0 | R95: 0 | S95: 0 | T95: #N/A | U95: -0.3
A96: Japan | B96: 0.32071003 | C96: #N/A | D96: 0.21471603 | E96: #N/A | F96: 0.30291289 | G96: #N/A | I96: 0.21471603 | J96: 0.32071003 | K96: 0.32071003 | L96: 0.21471603 | N96: 0.105994 | O96: 62.5 | P96: 0 | Q96: 0.105994 | R96: 0.105994 | S96: 0 | T96: -0.3 | U96: #N/A
A97: Uruguay | B97: #N/A | C97: -0.11193083 | D97: 0.21340922 | E97: #N/A | F97: #N/A | G97: #N/A | I97: -0.11193083 | J97: 0.21340922 | K97: -0.11193083 | L97: 0.21340922 | N97: 0.32534005 | O97: 61.5 | P97: 0.32534005 | Q97: 0 | R97: 0 | S97: 0.32534005 | T97: -0.3 | U97: #N/A
A98: Germany | B98: #N/A | C98: -0.003909634 | D98: 0.17547064 | E98: #N/A | F98: #N/A | G98: 0.042005997 | I98: -0.003909634 | J98: 0.17547064 | K98: -0.003909634 | L98: 0.17547064 | N98: 0.17938027 | O98: 60.5 | P98: 0.17938027 | Q98: 0 | R98: 0 | S98: 0.17938027 | T98: -0.3 | U98: #N/A
A99: Peru | B99: #N/A | C99: -0.050814118 | D99: 0.16102998 | E99: #N/A | F99: #N/A | G99: #N/A | I99: -0.050814118 | J99: 0.16102998 | K99: -0.050814118 | L99: 0.16102998 | N99: 0.2118441 | O99: 59.5 | P99: 0.2118441 | Q99: 0 | R99: 0 | S99: 0.2118441 | T99: -0.3 | U99: #N/A
A100: Thailand | B100: #N/A | C100: -0.076468132 | D100: 0.15870078 | E100: #N/A | F100: #N/A | G100: -0.096648946 | I100: -0.096648946 | J100: 0.15870078 | K100: -0.076468132 | L100: 0.15870078 | N100: 0.25534973 | O100: 58.5 | P100: 0 | Q100: 0 | R100: 0 | S100: 0.25534973 | T100: -0.3 | U100: #N/A
A101: Australia* | B101: #N/A | C101: 0.02943329 | D101: 0.15757734 | E101: #N/A | F101: 0.24058868 | G101: #N/A | I101: 0.02943329 | J101: 0.24058868 | K101: 0.02943329 | L101: 0.15757734 | N101: 0.21115539 | O101: 57.5 | P101: 0.21115539 | Q101: 0 | R101: 0 | S101: 0 | T101: -0.3 | U101: #N/A
A102: United States* | B102: #N/A | C102: 0.019696871 | D102: 0.15535812 | E102: #N/A | F102: 0.38924754 | G102: #N/A | I102: 0.019696871 | J102: 0.38924754 | K102: 0.019696871 | L102: 0.15535812 | N102: 0.36955067 | O102: 56.5 | P102: 0.36955067 | Q102: 0 | R102: 0 | S102: 0 | T102: -0.3 | U102: #N/A
A103: Canada* | B103: #N/A | C103: 0.090227872 | D103: 0.13087961 | E103: #N/A | F103: #N/A | G103: 0.054421965 | I103: 0.054421965 | J103: 0.13087961 | K103: 0.090227872 | L103: 0.13087961 | N103: 0.076457646 | O103: 55.5 | P103: 0 | Q103: 0 | R103: 0 | S103: 0.076457646 | T103: -0.3 | U103: #N/A
A104: Latvia* | B104: #N/A | C104: -0.055390719 | D104: 0.12350327 | E104: #N/A | F104: #N/A | G104: 0.13941519 | I104: -0.055390719 | J104: 0.13941519 | K104: -0.055390719 | L104: 0.12350327 | N104: 0.19480591 | O104: 54.5 | P104: 0.19480591 | Q104: 0 | R104: 0 | S104: 0 | T104: -0.3 | U104: #N/A
A105: Mexico | B105: -0.16907419 | C105: #N/A | D105: 0.11967754 | E105: #N/A | F105: #N/A | G105: #N/A | I105: -0.16907419 | J105: 0.11967754 | K105: -0.16907419 | L105: 0.11967754 | N105: 0.28875173 | O105: 53.5 | P105: 0.28875173 | Q105: 0 | R105: 0 | S105: 0.28875173 | T105: -0.3 | U105: #N/A
A106: Morocco | B106: -0.13772157 | C106: #N/A | D106: #N/A | E106: 0.1189118 | F106: #N/A | G106: #N/A | I106: -0.13772157 | J106: 0.1189118 | K106: -0.13772157 | L106: 0.1189118 | N106: 0.25663337 | O106: 52.5 | P106: 0.25663337 | Q106: 0 | R106: 0 | S106: 0.25663337 | T106: -0.3 | U106: #N/A
A107: Uzbekistan | B107: -0.14497662 | C107: #N/A | D107: #N/A | E107: 0.11817681 | F107: #N/A | G107: #N/A | I107: -0.14497662 | J107: 0.11817681 | K107: -0.14497662 | L107: 0.11817681 | N107: 0.26315343 | O107: 51.5 | P107: 0.26315343 | Q107: 0 | R107: 0 | S107: 0.26315343 | T107: -0.3 | U107: #N/A
A108: Baku (Azerbaijan) | B108: #N/A | C108: -0.14834331 | D108: #N/A | E108: 0.11789588 | F108: #N/A | G108: #N/A | I108: -0.14834331 | J108: 0.11789588 | K108: -0.14834331 | L108: 0.11789588 | N108: 0.26623919 | O108: 50.5 | P108: 0.26623919 | Q108: 0 | R108: 0 | S108: 0.26623919 | T108: #N/A | U108: -0.3
A109: El Salvador | B109: -0.10417663 | C109: #N/A | D109: #N/A | E109: 0.11684404 | F109: #N/A | G109: #N/A | I109: -0.10417663 | J109: 0.11684404 | K109: -0.10417663 | L109: 0.11684404 | N109: 0.22102067 | O109: 49.5 | P109: 0.22102067 | Q109: 0 | R109: 0 | S109: 0.22102067 | T109: -0.3 | U109: #N/A
A110: Malta | B110: #N/A | C110: 0.0380514 | D110: #N/A | E110: 0.11515402 | F110: #N/A | G110: 0.2071725 | I110: 0.0380514 | J110: 0.2071725 | K110: 0.0380514 | L110: 0.11515402 | N110: 0.1691211 | O110: 48.5 | P110: 0.1691211 | Q110: 0 | R110: 0 | S110: 0 | T110: -0.3 | U110: #N/A
A111: OECD average | B111: #N/A | C111: -0.015330456 | D111: 0.11255633 | E111: #N/A | F111: 0.13783605 | G111: #N/A | I111: -0.015330456 | J111: 0.13783605 | K111: -0.015330456 | L111: 0.11255633 | N111: 0.15316651 | O111: 47.5 | P111: 0.15316651 | Q111: 0 | R111: 0 | S111: 0 | T111: -0.3 | U111: #N/A
A112: Türkiye | B112: #N/A | C112: -0.04038706 | D112: 0.105654 | E112: #N/A | F112: #N/A | G112: 0.12819044 | I112: -0.04038706 | J112: 0.12819044 | K112: -0.04038706 | L112: 0.105654 | N112: 0.1685775 | O112: 46.5 | P112: 0.1685775 | Q112: 0 | R112: 0 | S112: 0 | T112: -0.3 | U112: #N/A
A113: Brunei Darussalam | B113: #N/A | C113: -0.028102845 | D113: 0.10473759 | E113: #N/A | F113: #N/A | G113: -0.0045834114 | I113: -0.028102845 | J113: 0.10473759 | K113: -0.028102845 | L113: 0.10473759 | N113: 0.13284044 | O113: 45.5 | P113: 0.13284044 | Q113: 0 | R113: 0 | S113: 0.13284044 | T113: -0.3 | U113: #N/A
A114: United Arab Emirates | B114: -0.20544752 | C114: #N/A | D114: 0.10382134 | E114: #N/A | F114: #N/A | G114: 0.094169192 | I114: -0.20544752 | J114: 0.10382134 | K114: -0.20544752 | L114: 0.10382134 | N114: 0.30926886 | O114: 44.5 | P114: 0.30926886 | Q114: 0 | R114: 0 | S114: 0.30926886 | T114: -0.3 | U114: #N/A
A115: Serbia | B115: #N/A | C115: -0.035183784 | D115: #N/A | E115: 0.10137168 | F115: #N/A | G115: 0.090425596 | I115: -0.035183784 | J115: 0.10137168 | K115: -0.035183784 | L115: 0.10137168 | N115: 0.13655547 | O115: 43.5 | P115: 0.13655547 | Q115: 0 | R115: 0 | S115: 0.13655547 | T115: -0.3 | U115: #N/A
A116: Finland | B116: #N/A | C116: -0.065622747 | D116: 0.099076256 | E116: #N/A | F116: #N/A | G116: -0.017517313 | I116: -0.065622747 | J116: 0.099076256 | K116: -0.065622747 | L116: 0.099076256 | N116: 0.164699 | O116: 42.5 | P116: 0.164699 | Q116: 0 | R116: 0 | S116: 0.164699 | T116: -0.3 | U116: #N/A
A117: Qatar | B117: -0.26107985 | C117: #N/A | D117: #N/A | E117: 0.09525995 | F117: #N/A | G117: 0.11442585 | I117: -0.26107985 | J117: 0.11442585 | K117: -0.26107985 | L117: 0.09525995 | N117: 0.37550569 | O117: 41.5 | P117: 0.37550569 | Q117: 0 | R117: 0 | S117: 0 | T117: -0.3 | U117: #N/A
A118: Spain | B118: #N/A | C118: -0.0027777567 | D118: 0.091564201 | E118: #N/A | F118: #N/A | G118: 0.096528582 | I118: -0.0027777567 | J118: 0.096528582 | K118: -0.0027777567 | L118: 0.091564201 | N118: 0.099306339 | O118: 40.5 | P118: 0.099306339 | Q118: 0 | R118: 0 | S118: 0 | T118: -0.3 | U118: #N/A
A119: Estonia | B119: #N/A | C119: 0.015944693 | D119: 0.089321338 | E119: #N/A | F119: #N/A | G119: 0.093942098 | I119: 0.015944693 | J119: 0.093942098 | K119: 0.015944693 | L119: 0.089321338 | N119: 0.077997405 | O119: 39.5 | P119: 0.077997405 | Q119: 0 | R119: 0 | S119: 0 | T119: -0.3 | U119: #N/A
A120: Slovak Republic | B120: #N/A | C120: -0.033273697 | D120: 0.08533413 | E120: #N/A | F120: #N/A | G120: 0.21767862 | I120: -0.033273697 | J120: 0.21767862 | K120: -0.033273697 | L120: 0.08533413 | N120: 0.25095232 | O120: 38.5 | P120: 0.25095232 | Q120: 0 | R120: 0 | S120: 0 | T120: -0.3 | U120: #N/A
A121: Georgia | B121: #N/A | C121: -0.016492685 | D121: #N/A | E121: 0.08524479 | F121: #N/A | G121: #N/A | I121: -0.016492685 | J121: 0.08524479 | K121: -0.016492685 | L121: 0.08524479 | N121: 0.10173748 | O121: 37.5 | P121: 0.10173748 | Q121: 0 | R121: 0 | S121: 0.10173748 | T121: -0.3 | U121: #N/A
A122: Hungary | B122: #N/A | C122: -0.081376515 | D122: #N/A | E122: 0.084905252 | F122: #N/A | G122: 0.11594803 | I122: -0.081376515 | J122: 0.11594803 | K122: -0.081376515 | L122: 0.084905252 | N122: 0.19732454 | O122: 36.5 | P122: 0.19732454 | Q122: 0 | R122: 0 | S122: 0 | T122: -0.3 | U122: #N/A
A123: Sweden | B123: #N/A | C123: -0.068322733 | D123: #N/A | E123: 0.080365151 | F123: #N/A | G123: 0.082245924 | I123: -0.068322733 | J123: 0.082245924 | K123: -0.068322733 | L123: 0.080365151 | N123: 0.15056866 | O123: 35.5 | P123: 0.15056866 | Q123: 0 | R123: 0 | S123: 0 | T123: -0.3 | U123: #N/A
A124: Belgium | B124: #N/A | C124: -0.057142146 | D124: 0.076641381 | E124: #N/A | F124: #N/A | G124: 0.15357932 | I124: -0.057142146 | J124: 0.15357932 | K124: -0.057142146 | L124: 0.076641381 | N124: 0.21072147 | O124: 34.5 | P124: 0.21072147 | Q124: 0 | R124: 0 | S124: 0 | T124: -0.3 | U124: #N/A
A125: Colombia | B125: #N/A | C125: -0.010780267 | D125: #N/A | E125: 0.075684316 | F125: #N/A | G125: #N/A | I125: -0.010780267 | J125: 0.075684316 | K125: -0.010780267 | L125: 0.075684316 | N125: 0.086464584 | O125: 33.5 | P125: 0.086464584 | Q125: 0 | R125: 0 | S125: 0.086464584 | T125: -0.3 | U125: #N/A
A126: Argentina | B126: #N/A | C126: -0.0063505 | D126: #N/A | E126: 0.073588908 | F126: #N/A | G126: #N/A | I126: -0.0063505 | J126: 0.073588908 | K126: -0.0063505 | L126: 0.073588908 | N126: 0.079939408 | O126: 32.5 | P126: 0.079939408 | Q126: 0 | R126: 0 | S126: 0.079939408 | T126: -0.3 | U126: #N/A
A127: Kazakhstan | B127: #N/A | C127: -0.038281053 | D127: 0.073223568 | E127: #N/A | F127: #N/A | G127: 0.19664711 | I127: -0.038281053 | J127: 0.19664711 | K127: -0.038281053 | L127: 0.073223568 | N127: 0.23492816 | O127: 31.5 | P127: 0.23492816 | Q127: 0 | R127: 0 | S127: 0 | T127: -0.3 | U127: #N/A
A128: Croatia | B128: #N/A | C128: 0.065476 | D128: #N/A | E128: 0.071485803 | F128: #N/A | G128: 0.076927073 | I128: 0.065476 | J128: 0.076927073 | K128: 0.065476 | L128: 0.071485803 | N128: 0.011451073 | O128: 30.5 | P128: 0.011451073 | Q128: 0 | R128: 0 | S128: 0 | T128: -0.3 | U128: #N/A
A129: Netherlands* | B129: #N/A | C129: -0.03876508 | D129: #N/A | E129: 0.070918031 | F129: #N/A | G129: 0.10447296 | I129: -0.03876508 | J129: 0.10447296 | K129: -0.03876508 | L129: 0.070918031 | N129: 0.14323804 | O129: 29.5 | P129: 0.14323804 | Q129: 0 | R129: 0 | S129: 0 | T129: -0.3 | U129: #N/A
A130: Switzerland | B130: -0.29254583 | C130: #N/A | D130: #N/A | E130: 0.062667675 | F130: #N/A | G130: 0.078580715 | I130: -0.29254583 | J130: 0.078580715 | K130: -0.29254583 | L130: 0.062667675 | N130: 0.37112654 | O130: 28.5 | P130: 0.37112654 | Q130: 0 | R130: 0 | S130: 0 | T130: -0.3 | U130: #N/A
A131: Poland | B131: #N/A | C131: -0.057292465 | D131: 0.062453717 | E131: #N/A | F131: #N/A | G131: 0.016568003 | I131: -0.057292465 | J131: 0.062453717 | K131: -0.057292465 | L131: 0.062453717 | N131: 0.11974618 | O131: 27.5 | P131: 0.11974618 | Q131: 0 | R131: 0 | S131: 0.11974618 | T131: -0.3 | U131: #N/A
A132: Chile | B132: #N/A | C132: 0.0094482228 | D132: #N/A | E132: 0.062222052 | F132: #N/A | G132: #N/A | I132: 0.0094482228 | J132: 0.062222052 | K132: 0.0094482228 | L132: 0.062222052 | N132: 0.05277383 | O132: 26.5 | P132: 0.05277383 | Q132: 0 | R132: 0 | S132: 0.05277383 | T132: -0.3 | U132: #N/A
A133: Kosovo | B133: -0.18668842 | C133: #N/A | D133: #N/A | E133: 0.057328969 | F133: #N/A | G133: #N/A | I133: -0.18668842 | J133: 0.057328969 | K133: -0.18668842 | L133: 0.057328969 | N133: 0.24401739 | O133: 25.5 | P133: 0.24401739 | Q133: 0 | R133: 0 | S133: 0.24401739 | T133: #N/A | U133: -0.3
A134: Romania | B134: -0.13459434 | C134: #N/A | D134: #N/A | E134: 0.053760845 | F134: #N/A | G134: 0.079786852 | I134: -0.13459434 | J134: 0.079786852 | K134: -0.13459434 | L134: 0.053760845 | N134: 0.21438119 | O134: 24.5 | P134: 0.21438119 | Q134: 0 | R134: 0 | S134: 0 | T134: -0.3 | U134: #N/A
A135: Slovenia | B135: #N/A | C135: -0.085338637 | D135: #N/A | E135: 0.051180735 | F135: #N/A | G135: 0.15338071 | I135: -0.085338637 | J135: 0.15338071 | K135: -0.085338637 | L135: 0.051180735 | N135: 0.23871934 | O135: 23.5 | P135: 0.23871934 | Q135: 0 | R135: 0 | S135: 0 | T135: -0.3 | U135: #N/A
A136: Brazil | B136: #N/A | C136: -0.049554221 | D136: #N/A | E136: 0.05099719 | F136: #N/A | G136: #N/A | I136: -0.049554221 | J136: 0.05099719 | K136: -0.049554221 | L136: 0.05099719 | N136: 0.10055141 | O136: 22.5 | P136: 0.10055141 | Q136: 0 | R136: 0 | S136: 0.10055141 | T136: -0.3 | U136: #N/A
A137: Albania | B137: -0.18623818 | C137: #N/A | D137: #N/A | E137: 0.048725776 | F137: #N/A | G137: #N/A | I137: -0.18623818 | J137: 0.048725776 | K137: -0.18623818 | L137: 0.048725776 | N137: 0.23496396 | O137: 21.5 | P137: 0.23496396 | Q137: 0 | R137: 0 | S137: 0.23496396 | T137: -0.3 | U137: #N/A
A138: Mongolia | B138: -0.136906 | C138: #N/A | D138: #N/A | E138: 0.045904804 | F138: #N/A | G138: -0.017143082 | I138: -0.136906 | J138: 0.045904804 | K138: -0.136906 | L138: 0.045904804 | N138: 0.1828108 | O138: 20.5 | P138: 0.1828108 | Q138: 0 | R138: 0 | S138: 0.1828108 | T138: -0.3 | U138: #N/A
A139: Bulgaria | B139: #N/A | C139: -0.054951195 | D139: #N/A | E139: 0.038621668 | F139: #N/A | G139: 0.015861211 | I139: -0.054951195 | J139: 0.038621668 | K139: -0.054951195 | L139: 0.038621668 | N139: 0.093572862 | O139: 19.5 | P139: 0.093572862 | Q139: 0 | R139: 0 | S139: 0.093572862 | T139: -0.3 | U139: #N/A
A140: Italy | B140: #N/A | C140: -0.0063557448 | D140: #N/A | E140: 0.036096353 | F140: #N/A | G140: 0.15117395 | I140: -0.0063557448 | J140: 0.15117395 | K140: -0.0063557448 | L140: 0.036096353 | N140: 0.15752969 | O140: 18.5 | P140: 0.15752969 | Q140: 0 | R140: 0 | S140: 0 | T140: -0.3 | U140: #N/A
A141: Portugal | B141: #N/A | C141: 0.014284076 | D141: #N/A | E141: 0.034674641 | F141: #N/A | G141: 0.12252969 | I141: 0.014284076 | J141: 0.12252969 | K141: 0.014284076 | L141: 0.034674641 | N141: 0.10824562 | O141: 17.5 | P141: 0.10824562 | Q141: 0 | R141: 0 | S141: 0 | T141: -0.3 | U141: #N/A
A142: Dominican Republic | B142: -0.17308284 | C142: #N/A | D142: #N/A | E142: 0.03071771 | F142: #N/A | G142: #N/A | I142: -0.17308284 | J142: 0.03071771 | K142: -0.17308284 | L142: 0.03071771 | N142: 0.20380055 | O142: 16.5 | P142: 0.20380055 | Q142: 0 | R142: 0 | S142: 0.20380055 | T142: -0.3 | U142: #N/A
A143: North Macedonia | B143: -0.16452399 | C143: #N/A | D143: #N/A | E143: 0.027076548 | F143: #N/A | G143: #N/A | I143: -0.16452399 | J143: 0.027076548 | K143: -0.16452399 | L143: 0.027076548 | N143: 0.19160054 | O143: 15.5 | P143: 0.19160054 | Q143: 0 | R143: 0 | S143: 0.19160054 | T143: -0.3 | U143: #N/A
A144: Lithuania | B144: #N/A | C144: -0.13600561 | D144: #N/A | E144: 0.025356399 | F144: #N/A | G144: 0.22051798 | I144: -0.13600561 | J144: 0.22051798 | K144: -0.13600561 | L144: 0.025356399 | N144: 0.35652359 | O144: 14.5 | P144: 0.35652359 | Q144: 0 | R144: 0 | S144: 0 | T144: -0.3 | U144: #N/A
A145: Iceland | B145: #N/A | C145: -0.043239173 | D145: #N/A | E145: 0.024219198 | F145: #N/A | G145: #N/A | I145: -0.043239173 | J145: 0.024219198 | K145: -0.043239173 | L145: 0.024219198 | N145: 0.067458371 | O145: 13.5 | P145: 0.067458371 | Q145: 0 | R145: 0 | S145: 0.067458371 | T145: -0.3 | U145: #N/A
A146: Ukrainian regions (18 of 27) | B146: #N/A | C146: 0.034802482 | D146: #N/A | E146: 0.012945386 | F146: #N/A | G146: #N/A | I146: 0.012945386 | J146: 0.034802482 | K146: 0.034802482 | L146: 0.012945386 | N146: 0.021857096 | O146: 12.5 | P146: 0 | Q146: 0.021857096 | R146: 0.021857096 | S146: 0 | T146: #N/A | U146: -0.3
A147: Saudi Arabia | B147: #N/A | C147: -0.065610208 | D147: #N/A | E147: 0.0091482513 | F147: #N/A | G147: #N/A | I147: -0.065610208 | J147: 0.0091482513 | K147: -0.065610208 | L147: 0.0091482513 | N147: 0.074758459 | O147: 11.5 | P147: 0.074758459 | Q147: 0 | R147: 0 | S147: 0.074758459 | T147: -0.3 | U147: #N/A
A148: Malaysia | B148: -0.13641734 | C148: #N/A | D148: #N/A | E148: 0.001725601 | F148: #N/A | G148: #N/A | I148: -0.13641734 | J148: 0.001725601 | K148: -0.13641734 | L148: 0.001725601 | N148: 0.13814295 | O148: 10.5 | P148: 0.13814295 | Q148: 0 | R148: 0 | S148: 0.13814295 | T148: -0.3 | U148: #N/A
A149: Palestinian Authority | B149: -0.11472038 | C149: #N/A | D149: #N/A | E149: -0.013971914 | F149: #N/A | G149: #N/A | I149: -0.11472038 | J149: -0.013971914 | K149: -0.11472038 | L149: -0.013971914 | N149: 0.10074847 | O149: 9.5 | P149: 0.10074847 | Q149: 0 | R149: 0 | S149: 0.10074847 | T149: #N/A | U149: -0.3
A150: Indonesia | B150: -0.11849769 | C150: #N/A | D150: #N/A | E150: -0.023762144 | F150: #N/A | G150: #N/A | I150: -0.11849769 | J150: -0.023762144 | K150: -0.11849769 | L150: -0.023762144 | N150: 0.094735548 | O150: 8.5 | P150: 0.094735548 | Q150: 0 | R150: 0 | S150: 0.094735548 | T150: -0.3 | U150: #N/A
A151: Greece | B151: -0.14557922 | C151: #N/A | D151: #N/A | E151: -0.029838404 | F151: #N/A | G151: 0.18778153 | I151: -0.14557922 | J151: 0.18778153 | K151: -0.14557922 | L151: -0.029838404 | N151: 0.33336075 | O151: 7.5 | P151: 0.33336075 | Q151: 0 | R151: 0 | S151: 0 | T151: -0.3 | U151: #N/A
A152: Montenegro | B152: #N/A | C152: -0.041538034 | D152: #N/A | E152: -0.029919747 | F152: #N/A | G152: #N/A | I152: -0.041538034 | J152: -0.029919747 | K152: -0.041538034 | L152: -0.029919747 | N152: 0.011618286 | O152: 6.5 | P152: 0.011618286 | Q152: 0 | R152: 0 | S152: 0.011618286 | T152: -0.3 | U152: #N/A
A153: France | B153: #N/A | C153: -0.10133126 | D153: #N/A | E153: -0.030285724 | F153: #N/A | G153: 0.056257766 | I153: -0.10133126 | J153: 0.056257766 | K153: -0.10133126 | L153: -0.030285724 | N153: 0.15758903 | O153: 5.5 | P153: 0.15758903 | Q153: 0 | R153: 0 | S153: 0 | T153: -0.3 | U153: #N/A
A154: Panama* | B154: #N/A | C154: -0.083366796 | D154: #N/A | E154: -0.035867777 | F154: #N/A | G154: #N/A | I154: -0.083366796 | J154: -0.035867777 | K154: -0.083366796 | L154: -0.035867777 | N154: 0.04749902 | O154: 4.5 | P154: 0.04749902 | Q154: 0 | R154: 0 | S154: 0.04749902 | T154: -0.3 | U154: #N/A
A155: Jordan | B155: -0.11416835 | C155: #N/A | D155: #N/A | E155: -0.062635005 | F155: #N/A | G155: #N/A | I155: -0.11416835 | J155: -0.062635005 | K155: -0.11416835 | L155: -0.062635005 | N155: 0.051533349 | O155: 3.5 | P155: 0.051533349 | Q155: 0 | R155: 0 | S155: 0.051533349 | T155: -0.3 | U155: #N/A
A156: Philippines | B156: -0.18822485 | C156: #N/A | D156: #N/A | E156: -0.10671365 | F156: #N/A | G156: #N/A | I156: -0.18822485 | J156: -0.10671365 | K156: -0.18822485 | L156: -0.10671365 | N156: 0.081511207 | O156: 2.5 | P156: 0.081511207 | Q156: 0 | R156: 0 | S156: 0.081511207 | T156: -0.3 | U156: #N/A
A157: Moldova | B157: -0.18336622 | C157: #N/A | D157: -0.1220983 | E157: #N/A | F157: #N/A | G157: #N/A | I157: -0.18336622 | J157: -0.1220983 | K157: -0.18336622 | L157: -0.1220983 | N157: 0.061267927 | O157: 1.5 | P157: 0.061267927 | Q157: 0 | R157: 0 | S157: 0.061267927 | T157: -0.3 | U157: #N/A
A158: Jamaica* | B158: -0.21776809 | C158: #N/A | D158: #N/A | E158: -0.17812212 | F158: #N/A | G158: #N/A | I158: -0.21776809 | J158: -0.17812212 | K158: -0.21776809 | L158: -0.17812212 | N158: 0.03964597 | O158: 0.5 | P158: 0.03964597 | Q158: 0 | R158: 0 | S158: 0.03964597 | T158: -0.3 | U158: #N/A

Sheet Figure_9
A1: Figure_9
A2: Relationship between growth mindset, performance in mathematics and mathematics anxiety
A3: Score-point difference in mathematics and difference in the index of mathematics anxiety when students report a growth mindset
A47: Note: Only countries and economies with available data are shown.
A48: Differences are accounting for students' and schools' socio-economic profile.
A49: The socio-economic profile is measured by the PISA index of economic, social and cultural status (ESCS).
A50: Source: OECD, PISA 2022 Database, Tables B.12 and B.19.
A52: Information on data for Cyprus: https://oe.cd/cyprus-disclaimer
B53: Performance in mathematics | C53: Mathematics anxiety
B54: Score dif. | C54: Dif.
A55: Albania | B55: 0.11881423 | C55: 0.086698205 | E55: -0.4 | F55: 17.57544
A56: United Arab Emirates | B56: 34.417429 | C56: -0.12051088 | E56: 0.1 | F56: 17.57544
A57: Argentina | B57: 15.578029 | C57: -0.0032352808
A58: Australia* | B58: 45.418576 | C58: -0.19286972 | E58: -10 | F58: -0.12301378
A59: Austria | B59: 17.255558 | C59: -0.16676182 | E59: 50 | F59: -0.12301378
A60: Belgium | B60: 7.9736027 | C60: -0.10308621
A61: Bulgaria | B61: 4.7023801 | C61: 0.066557864
A62: Brazil | B62: 28.510063 | C62: -0.11457623
A63: Brunei Darussalam | B63: 22.451838 | C63: -0.16124061
A64: Canada* | B64: 29.953909 | C64: -0.1562426
A65: Switzerland | B65: 7.7283902 | C65: -0.062725033
A66: Chile | B66: 29.773602 | C66: -0.090726634
A67: Colombia | B67: 19.295426 | C67: -0.033725016
A68: Czechia | B68: 6.7794811 | C68: -0.15496732
A69: Germany | B69: 7.5582467 | C69: -0.10452364
A70: Denmark* | B70: 25.788927 | C70: -0.27935468
A71: Dominican Republic | B71: 4.3645091 | C71: -0.0097532108
... A128: OECD average | B128: 17.57544 | C128: -0.12301378

Sheet Figure 10
A1: Figure 10
A2: Growth mindset and performance in mathematics, by level of socio-emotional skills
A3: Change in mathematics performance when students disagreed or strongly disagreed that "your intelligence is something about you that you can’t change very much", by the quarter of the following indices; OECD average
A34: Notes: differences are accounting for gender and students' and schools' socio-economic profile.
A35: The socio-economic profile is measured by the PISA index of economic, social and cultural status (ESCS).
A36: All differences are statistically significant (see Reader’s Guide).
A37: Source: OECD, PISA 2022 Database, Tables B.29, B.30, B.31 and B.32.
C40: Bottom quarter | E40: Top quarter
C41: Significant change | D41: Non-significant change | E41: Significant change | F41: Non-significant change
C42: Score dif. | D42: Score dif. | E42: Score dif. | F42: Score dif.
A43: Enablers | B43: Index of curiosity | C43: 7.9645834 | D43: #N/A | E43: 19.478836 | F43: #N/A
B44: Index of persistence | C44: 9.7962227 | D44: #N/A | E44: 18.565228 | F44: #N/A
A45: Regulators | B45: Index of emotional control | C45: 18.986942 | D45: #N/A | E45: 12.368236 | F45: #N/A
B46: Index of stress resistance | C46: 18.275 | D46: #N/A | E46: 14.17903 | F46: #N/A

Sheet Figure 11
A1: Figure 11
A2: Growth mindset and teacher practices, by level of performance
A3: Change in the following teacher practices when students disagreed or strongly disagreed that "your intelligence is something about you that you can’t change very much", by level of performance in mathematics; OECD average
A34: Notes: differences are accounting for gender and students' and schools' socio-economic profile.
A35: The socio-economic profile is measured by the PISA index of economic, social and cultural status (ESCS).
A36: Differences that are not statistically significant are shown in a lighter tone (see Reader’s Guide).
A37: Source: OECD, PISA 2022 Database, Table B.23.
B40: Index of teacher support in mathematics | D40: Index of cognitive activation in mathematics: Foster reasoning | F40: Index of quality of student-teacher relationships | H40: Quality of mathematics instruction
B41: Significant change | C41: Non-significant change | D41: Significant change | E41: Non-significant change | F41: Significant change | G41: Non-significant change | H41: Significant change | I41: Non-significant change
B42: Index dif. | C42: Index dif. | D42: Index dif. | E42: Index dif. | F42: Index dif. | G42: Index dif. | H42: Index dif. | I42: Index dif.
A43: Low performers (Below Level 2) | B43: 0.045095224 | C43: #N/A | D43: -0.068123303 | E43: #N/A | F43: -0.024898252 | G43: #N/A | H43: #N/A | I43: 0.023598213
A44: Mid performers (Between Levels 2 to 4) | B44: 0.098206677 | C44: #N/A | D44: 0.031097541 | E44: #N/A | F44: 0.10350753 | G44: #N/A | H44: 0.18957368 | I44: #N/A
A45: Top performers (Level 5 and above) | B45: 0.11040851 | C45: #N/A | D45: 0.04574129 | E45: #N/A | F45: 0.14800778 | G45: #N/A | H45: 0.16745619 | I45: #N/A

Sheet Figure 12
A1: Figure 12
A2: Growth mindset and performance in mathematics, by level of students' cognitive activation
A3: Change in mathematics performance when students disagreed or strongly disagreed that "your intelligence is something about you that you can’t change very much", by the quarter of index of cognitive activation in mathematics: Foster reasoning
A76: Notes: Only countries and economies with available data are shown.
A77: Differences are accounting for gender and students' and schools' socio-economic profile.
A78: The socio-economic profile is measured by the PISA index of economic, social and cultural status (ESCS).
A79: Statistically significant differences between bottom and top quarters are shown in a darker tone (see Reader’s Guide).
A80: Countries and economies are ranked in descending order of the difference between bottom and top quarters (top - bottom).
A81: Source: OECD, PISA 2022 Database, Table B.28.
B87: Bottom quarter | D87: Top quarter
B88: Significant change | C88: Non-significant change | D88: Significant change | E88: Non-significant change
B89: Score dif. | C89: Score dif. | D89: Score dif. | E89: Score dif. | M89: spacing | N89: positive error | O89: negative error | P89: CNT | Q89: Sub-nat entities
A90: United Arab Emirates | B90: 11.775782 | C90: #N/A | D90: 53.827076 | E90: #N/A | L90: 42.051294 | M90: 74.5 | N90: 0 | O90: 42.051294 | P90: -20 | Q90: #N/A
A91: Albania | B91: -12.694369 | C91: #N/A | D91: 15.633175 | E91: #N/A | L91: 28.327544 | M91: 73.5 | N91: 0 | O91: 28.327544 | P91: -20 | Q91: #N/A
A92: Montenegro | B92: -11.307876 | C92: #N/A | D92: 16.431347 | E92: #N/A | L92: 27.739223 | M92: 72.5 | N92: 0 | O92: 27.739223 | P92: -20 | Q92: #N/A
A93: Thailand | B93: 2.9681849 | C93: #N/A | D93: 30.313177 | E93: #N/A | L93: 27.344992 | M93: 71.5 | N93: 0 | O93: 27.344992 | P93: -20 | Q93: #N/A
A94: Baku (Azerbaijan) | B94: -9.4219952 | C94: #N/A | D94: 17.239805 | E94: #N/A | L94: 26.6618 | M94: 70.5 | N94: 0 | O94: 26.6618 | P94: #N/A | Q94: -20
A95: Malaysia | B95: -11.497313 | C95: #N/A | D95: 13.182033 | E95: #N/A | L95: 24.679345 | M95: 69.5 | N95: 0 | O95: 24.679345 | P95: -20 | Q95: #N/A
A96: Moldova | B96: -13.859578 | C96: #N/A | D96: 10.441613 | E96: #N/A | L96: 24.301191 | M96: 68.5 | N96: 0 | O96: 24.301191 | P96: -20 | Q96: #N/A
A97: Qatar | B97: 4.6239505 | C97: #N/A | D97: 27.763575 | E97: #N/A | L97: 23.139624 | M97: 67.5 | N97: 0 | O97: 23.139624 | P97: -20 | Q97: #N/A
A98: Philippines | B98: -10.589425 | C98: #N/A | D98: 12.343305 | E98: #N/A | L98: 22.93273 | M98: 66.5 | N98: 0 | O98: 22.93273 | P98: -20 | Q98: #N/A
A99: Saudi Arabia | B99: -2.5599253 | C99: #N/A | D99: 19.626095 | E99: #N/A | L99: 22.18602 | M99: 65.5 | N99: 0 | O99: 22.18602 | P99: -20 | Q99: #N/A
A100: Kosovo | B100: -2.17731 | C100: #N/A | D100: 18.535955 | E100: #N/A | L100: 20.713265 | M100: 64.5 | N100: 0 | O100: 20.713265 | P100: #N/A | Q100: -20
A101: Georgia | B101: 3.5295565 | C101: #N/A | D101: 23.954491 | E101: #N/A | L101: 20.424934 | M101: 63.5 | N101: 0 | O101: 20.424934 | P101: -20 | Q101: #N/A
A102: Uruguay | B102: 8.2272568 | C102: #N/A | D102: 27.242537 | E102: #N/A | L102: 19.01528 | M102: 62.5 | N102: 0 | O102: 19.01528 | P102: -20 | Q102: #N/A
A103: United States* | B103: 32.528366 | C103: #N/A | D103: 50.998043 | E103: #N/A | L103: 18.469677 | M103: 61.5 | N103: 0 | O103: 18.469677 | P103: -20 | Q103: #N/A
A104: Dominican Republic | B104: -2.5252779 | C104: #N/A | D104: 14.024356 | E104: #N/A | L104: 16.549634 | M104: 60.5 | N104: 0 | O104: 16.549634 | P104: -20 | Q104: #N/A
A105: Peru | B105: 14.728064 | C105: #N/A | D105: 30.924143 | E105: #N/A | L105: 16.196079 | M105: 59.5 | N105: 0 | O105: 16.196079 | P105: -20 | Q105: #N/A
A106: North Macedonia | B106: 10.686811 | C106: #N/A | D106: 26.741568 | E106: #N/A | L106: 16.054756 | M106: 58.5 | N106: 0 | O106: 16.054756 | P106: -20 | Q106: #N/A
A107: Ukrainian regions (18 of 27) | B107: #N/A | C107: 13.321114 | D107: #N/A | E107: 29.029423 | L107: 15.708309 | M107: 57.5 | N107: 0 | O107: 15.708309 | P107: #N/A | Q107: -20
A108: Latvia* | B108: 9.8220158 | C108: #N/A | D108: 25.496077 | E108: #N/A | L108: 15.674061 | M108: 56.5 | N108: 0 | O108: 15.674061 | P108: -20 | Q108: #N/A
A109: Slovak Republic | B109: -5.731113 | C109: #N/A | D109: 9.2277298 | E109: #N/A | L109: 14.958843 | M109: 55.5 | N109: 0 | O109: 14.958843 | P109: -20 | Q109: #N/A
A110: United Kingdom* | B110: #N/A | C110: 31.134552 | D110: #N/A | E110: 46.020428 | L110: 14.885876 | M110: 54.5 | N110: 0 | O110: 14.885876 | P110: -20 | Q110: #N/A
A111: El Salvador | B111: -4.4996905 | C111: #N/A | D111: 10.299145 | E111: #N/A | L111: 14.798835 | M111: 53.5 | N111: 0 | O111: 14.798835 | P111: -20 | Q111: #N/A
A112: Mexico | B112: 10.969055 | C112: #N/A | D112: 25.258383 | E112: #N/A | L112: 14.289328 | M112: 52.5 | N112: 0 | O112: 14.289328 | P112: -20 | Q112: #N/A
A113: Palestinian Authority | B113: -7.0804496 | C113: #N/A | D113: 7.0457845 | E113: #N/A | L113: 14.126234 | M113: 51.5 | N113: 0 | O113: 14.126234 | P113: #N/A | Q113: -20
A114: Chile | B114: 23.428904 | C114: #N/A | D114: 37.487484 | E114: #N/A | L114: 14.05858 | M114: 50.5 | N114: 0 | O114: 14.05858 | P114: -20 | Q114: #N/A
A115: Morocco | B115: -4.2558165 | C115: #N/A | D115: 9.7640781 | E115: #N/A | L115: 14.019895 | M115: 49.5 | N115: 0 | O115: 14.019895 | P115: -20 | Q115: #N/A
A116: Argentina | B116: 8.1949511 | C116: #N/A | D116: 21.910946 | E116: #N/A | L116: 13.715995 | M116: 48.5 | N116: 0 | O116: 13.715995 | P116: -20 | Q116: #N/A
A117: Macao (China) | B117: #N/A | C117: -2.8876083 | D117: #N/A | E117: 9.82722 | L117: 12.714828 | M117: 47.5 | N117: 0 | O117: 12.714828 | P117: #N/A | Q117: -20
A118: Kazakhstan | B118: 1.5016538 | C118: #N/A | D118: 14.213293 | E118: #N/A | L118: 12.711639 | M118: 46.5 | N118: 0 | O118: 12.711639 | P118: -20 | Q118: #N/A
A119: New Zealand* | B119: #N/A | C119: 33.140743 | D119: #N/A | E119: 45.762222 | L119: 12.621479 | M119: 45.5 | N119: 0 | O119: 12.621479 | P119: -20 | Q119: #N/A
A120: Uzbekistan | B120: -0.84107959 | C120: #N/A | D120: 11.623013 | E120: #N/A | L120: 12.464093 | M120: 44.5 | N120: 0 | O120: 12.464093 | P120: -20 | Q120: #N/A
A121: Italy | B121: -3.7475007 | C121: #N/A | D121: 8.3884411 | E121: #N/A | L121: 12.135942 | M121: 43.5 | N121: 0 | O121: 12.135942 | P121: -20 | Q121: #N/A
A122: Canada* | B122: #N/A | C122: 22.473978 | D122: #N/A | E122: 34.394863 | L122: 11.920885 | M122: 42.5 | N122: 0 | O122: 11.920885 | P122: -20 | Q122: #N/A
A123: Jamaica* | B123: #N/A | C123: 14.843034 | D123: #N/A | E123: 26.523617 | L123: 11.680583 | M123: 41.5 | N123: 0 | O123: 11.680583 | P123: -20 | Q123: #N/A
A124: Denmark* | B124: #N/A | C124: 20.908195 | D124: #N/A | E124: 32.519287 | L124: 11.611092 | M124: 40.5 | N124: 0 | O124: 11.611092 | P124: -20 | Q124: #N/A
A125: Brunei Darussalam | B125: #N/A | C125: 17.064257 | D125: #N/A | E125: 28.212927 | L125: 11.14867 | M125: 39.5 | N125: 0 | O125: 11.14867 | P125: -20 | Q125: #N/A
A126: Lithuania | B126: #N/A | C126: 0.015408936 | D126: #N/A | E126: 11.149993 | L126: 11.134584 | M126: 38.5 | N126: 0 | O126: 11.134584 | P126: -20 | Q126: #N/A
A127: Serbia | B127: #N/A | C127: -1.2692868 | D127: #N/A | E127: 9.7477818 | L127: 11.017069 | M127: 37.5 | N127: 0 | O127: 11.017069 | P127: -20 | Q127: #N/A
A128: Hong Kong (China)* | B128: #N/A | C128: -15.563375 | D128: #N/A | E128: -4.5545497 | L128: 11.008825 | M128: 36.5 | N128: 0 | O128: 11.008825 | P128: #N/A | Q128: -20
A129: Romania | B129: #N/A | C129: 9.1389494 | D129: #N/A | E129: 20.024368 | L129: 10.885419 | M129: 35.5 | N129: 0 | O129: 10.885419 | P129: -20 | Q129: #N/A
A130: Mongolia | B130: #N/A | C130: 7.2943606 | D130: #N/A | E130: 17.491131 | L130: 10.19677 | M130: 34.5 | N130: 0 | O130: 10.19677 | P130: -20 | Q130: #N/A
A131: Belgium | B131: #N/A | C131: 5.4975581 | D131: #N/A | E131: 15.582011 | L131: 10.084453 | M131: 33.5 | N131: 0 | O131: 10.084453 | P131: -20 | Q131: #N/A
A132: Colombia | B132: #N/A | C132: 13.703354 | D132: #N/A | E132: 23.356483 | L132: 9.6531296 | M132: 32.5 | N132: 0 | O132: 9.6531296 | P132: -20 | Q132: #N/A
A133: Estonia | B133: #N/A | C133: 15.271673 | D133: #N/A | E133: 24.425356 | L133: 9.1536827 | M133: 31.5 | N133: 0 | O133: 9.1536827 | P133: -20 | Q133: #N/A
A134: Chinese Taipei | B134: #N/A | C134: 7.7480197 | D134: #N/A | E134: 16.647448 | L134: 8.8994279 | M134: 30.5 | N134: 0 | O134: 8.8994279 | P134: #N/A | Q134: -20
A135: Indonesia | B135: #N/A | C135: 13.304715 | D135: #N/A | E135: 22.166775 | L135: 8.8620596 | M135: 29.5 | N135: 0 | O135: 8.8620596 | P135: -20 | Q135: #N/A
A136: Korea | B136: #N/A | C136: 8.168478 | D136: #N/A | E136: 16.75292 | L136: 8.5844421 | M136: 28.5 | N136: 0 | O136: 8.5844421 | P136: -20 | Q136: #N/A
A137: Finland | B137: #N/A | C137: 7.2254267 | D137: #N/A | E137: 15.656733 | L137: 8.4313059 | M137: 27.5 | N137: 0 | O137: 8.4313059 | P137: -20 | Q137: #N/A
A138: Austria | B138: #N/A | C138: 12.183381 | D138: #N/A | E138: 20.363888 | L138: 8.1805067 | M138: 26.5 | N138: 0 | O138: 8.1805067 | P138: -20 | Q138: #N/A
A139: Ireland* | B139: #N/A | C139: 38.89904 | D139: #N/A | E139: 46.676228 | L139: 7.7771873 | M139: 25.5 | N139: 0 | O139: 7.7771873 | P139: -20 | Q139: #N/A
A140: Panama* | B140: #N/A | C140: 9.9888134 | D140: #N/A | E140: 16.954409 | L140: 6.9655952 | M140: 24.5 | N140: 0 | O140: 6.9655952 | P140: -20 | Q140: #N/A
A141: Brazil | B141: #N/A | C141: 27.175268 | D141: #N/A | E141: 33.785774 | L141: 6.6105061 | M141: 23.5 | N141: 0 | O141: 6.6105061 | P141: -20 | Q141: #N/A
A142: Greece | B142: #N/A | C142: 2.1459558 | D142: #N/A | E142: 8.4416037 | L142: 6.2956479 | M142: 22.5 | N142: 0 | O142: 6.2956479 | P142: -20 | Q142: #N/A
A143: Türkiye | B143: #N/A | C143: 9.7883615 | D143: #N/A | E143: 16.005751 | L143: 6.2173891 | M143: 21.5 | N143: 0 | O143: 6.2173891 | P143: -20 | Q143: #N/A
A144: OECD average | B144: 14.253848 | C144: #N/A | D144: 20.455511 | E144: #N/A | L144: 6.201663 | M144: 20.5 | N144: 0 | O144: 6.201663 | P144: -20 | Q144: #N/A
A145: Slovenia | B145: #N/A | C145: 4.657268 | D145: #N/A | E145: 10.111257 | L145: 5.4539886 | M145: 19.5 | N145: 0 | O145: 5.4539886 | P145: -20 | Q145: #N/A
A146: Malta | B146: #N/A | C146: 24.377625 | D146: #N/A | E146: 29.715885 | L146: 5.3382607 | M146: 18.5 | N146: 0 | O146: 5.3382607 | P146: -20 | Q146: #N/A
A147: Netherlands* | B147: #N/A | C147: 7.8496232 | D147: #N/A | E147: 13.051391 | L147: 5.2017674 | M147: 17.5 | N147: 0 | O147: 5.2017674 | P147: -20 | Q147: #N/A
A148: Croatia | B148: #N/A | C148: 6.2857947 | D148: #N/A | E148: 11.36075 | L148: 5.0749555 | M148: 16.5 | N148: 0 | O148: 5.0749555 | P148: -20 | Q148: #N/A
A149: Singapore | B149: #N/A | C149: 29.156227 | D149: #N/A | E149: 33.586716 | L149: 4.4304886 | M149: 15.5 | N149: 0 | O149: 4.4304886 | P149: -20 | Q149: #N/A
A150: Bulgaria | B150: #N/A | C150: 6.0812716 | D150: #N/A | E150: 9.8244209 | L150: 3.7431493 | M150: 14.5 | N150: 0 | O150: 3.7431493 | P150: -20 | Q150: #N/A
A151: Czechia | B151: #N/A | C151: 2.3136218 | D151: #N/A | E151: 5.7149487 | L151: 3.4013269 | M151: 13.5 | N151: 0 | O151: 3.4013269 | P151: -20 | Q151: #N/A
A152: Hungary | B152: #N/A | C152: 10.98879 | D152: #N/A | E152: 14.242058 | L152: 3.2532682 | M152: 12.5 | N152: 0 | O152: 3.2532682 | P152: -20 | Q152: #N/A
A153: Norway | B153: #N/A | C153: 18.125618 | D153: #N/A | E153: 20.393333 | L153: 2.2677155 | M153: 11.5 | N153: 0 | O153: 2.2677155 | P153: -20 | Q153: #N/A
A154: Poland | B154: #N/A | C154: -0.89653331 | D154: #N/A | E154: 1.147246 | L154: 2.0437793 | M154: 10.5 | N154: 0 | O154: 2.0437793 | P154: -20 | Q154: #N/A
A155: Iceland | B155: #N/A | C155: 18.216211 | D155: #N/A | E155: 20.235361 | L155: 2.0191498 | M155: 9.5 | N155: 0 | O155: 2.0191498 | P155: -20 | Q155: #N/A
A156: Australia* | B156: #N/A | C156: 41.63784 | D156: #N/A | E156: 43.547146 | L156: 1.9093056 | M156: 8.5 | N156: 0 | O156: 1.9093056 | P156: -20 | Q156: #N/A
... A163: Germany | B163: #N/A | C163: 17.591684 | D163: #N/A | E163: 5.5470829 | L163: -12.044601 | M163: 1.5 | N163: 12.044601 | O163: 0 | P163: -20 | Q163: #N/A
A164: Japan | B164: 21.001877 | C164: #N/A | D164: 5.8749323 | E164: #N/A | L164: -15.126945 | M164: 0.5 | N164: 15.126945 | O164: 0 | P164: -20 | Q164: #N/A

Sheet Figure 13
A1: Figure 13
A2: School concentration of growth mindset
A3: Percentage of students in schools with low/high concentration¹ of those who disagree or strongly disagree that "your intelligence is something about you that you can't change very much"
A76: 1. A low (high) concentration is defined as a value that is half standard deviation below (above) the average within the student’s country or economy.
A77: Note: Only countries and economies with available data are shown.
A78: Countries and economies are ranked in descending order of the difference between share of students in schools with high and low concentration of growth mindset.
A79: Source: OECD, PISA 2022 Database, Table B.6.
B85: Schools with low growth mindset concentration | C85: Schools with high growth mindset concentration
B86: Significant change | C86: Significant change
B87: % | C87: % | K87: spacing | L87: positive error | M87: negative error | N87: CNT | O87: Sub-nat entities
A88: Austria | B88: 24.157458 | C88: 34.277515 | J88: 10.120057 | K88: 75.5 | L88: 0 | M88: 10.120057 | N88: 10 | O88: #N/A
A89: North Macedonia | B89: 26.976691 | C89: 35.984362 | J89: 9.0076716 | K89: 74.5 | L89: 0 | M89: 9.0076716 | N89: 10 | O89: #N/A
A90: United States* | B90: 24.359043 | C90: 32.550281 | J90: 8.1912386 | K90: 73.5 | L90: 0 | M90: 8.1912386 | N90: 10 | O90: #N/A
A91: Montenegro | B91: 17.919636 | C91: 25.505715 | J91: 7.5860794 | K91: 72.5 | L91: 0 | M91: 7.5860794 | N91: 10 | O91: #N/A
A92: Estonia | B92: 23.151132 | C92: 30.08559 | J92: 6.9344581 | K92: 71.5 | L92: 0 | M92: 6.9344581 | N92: 10 | O92: #N/A
A93: Germany | B93: 25.465206 | C93: 31.938473 | J93: 6.4732675 | K93: 70.5 | L93: 0 | M93: 6.4732675 | N93: 10 | O93: #N/A
A94: Slovak Republic | B94: 25.407599 | C94: 31.582739 | J94: 6.1751399 | K94: 69.5 | L94: 0 | M94: 6.1751399 | N94: 10 | O94: #N/A
A95: Argentina | B95: 28.145348 | C95: 33.329913 | J95: 5.1845642 | K95: 68.5 | L95: 0 | M95: 5.1845642 | N95: 10 | O95: #N/A
A96: France | B96: 24.177759 | C96: 29.224189 | J96: 5.0464302 | K96: 67.5 | L96: 0 | M96: 5.0464302 | N96: 10 | O96: #N/A
A97: Ireland* | B97: 28.544536 | C97: 33.58225 | J97: 5.0377139 | K97: 66.5 | L97: 0 | M97: 5.0377139 | N97: 10 | O97: #N/A
A98: Kazakhstan | B98: 25.433448 | C98: 30.427903 | J98: 4.994455 | K98: 65.5 | L98: 0 | M98: 4.994455 | N98: 10 | O98: #N/A
A99: Serbia | B99: 24.247859 | C99: 29.166727 | J99: 4.9188687 | K99: 64.5 | L99: 0 | M99: 4.9188687 | N99: 10 | O99: #N/A
... A109: Lithuania | B109: 27.307384 | C109: 29.751016 | J109: 2.4436322 | K109: 54.5 | L109: 0 | M109: 2.4436322 | N109: 10 | O109: #N/A
A110: Chinese Taipei | B110: 28.107402 | C110: 30.417943 | J110: 2.310541 | K110: 53.5 | L110: 0 | M110: 2.310541 | N110: #N/A | O110: 10
A111: New Zealand* | B111: 28.218066 | C111: 30.347774 | J111: 2.1297073 | K111: 52.5 | L111: 0 | M111: 2.1297073 | N111: 10 | O111: #N/A
A112: Georgia | B112: 26.897712 | C112: 28.783698 | J112: 1.8859866 | K112: 51.5 | L112: 0 | M112: 1.8859866 | N112: 10 | O112: #N/A
A113: OECD average | B113: 28.756559 | C113: 30.571518 | J113: 1.8149592 | K113: 50.5 | L113: 0 | M113: 1.8149592 | N113: 10 | O113: #N/A
A114: Mongolia | B114: 26.873861 | C114: 28.648878 | J114: 1.7750168 | K114: 49.5 | L114: 0 | M114: 1.7750168 | N114: 10 | O114: #N/A
A115: Brazil | B115: 27.556782 | C115: 29.157218 | J115: 1.6004354 | K115: 48.5 | L115: 0 | M115: 1.6004354 | N115: 10 | O115: #N/A
A116: Iceland | B116: 30.252952 | C116: 31.76344 | J116: 1.5104873 | K116: 47.5 | L116: 0 | M116: 1.5104873 | N116: 10 | O116: #N/A
A117: Palestinian Authority | B117: 28.17135 | C117: 29.656523 | J117: 1.4851732 | K117: 46.5 | L117: 0 | M117: 1.4851732 | N117: #N/A | O117: 10
A118: United Kingdom* | B118: 27.120097 | C118: 28.475339 | J118: 1.3552421 | K118: 45.5 | L118: 0 | M118: 1.3552421 | N118: 10 | O118: #N/A
A119: Thailand | B119: 27.789931 | C119: 28.788541 | J119: 0.99860982 | K119: 44.5 | L119: 0 | M119: 0.99860982 | N119: 10 | O119: #N/A
A120: Romania | B120: 30.087463 | C120: 30.866878 | J120: 0.77941517 | K120: 43.5 | L120: 0 | M120: 0.77941517 | N120: 10 | O120: #N/A
A121: Greece | B121: 29.620578 | C121: 30.326141 | J121: 0.70556241 | K121: 42.5 | L121: 0 | M121: 0.70556241 | N121: 10 | O121: #N/A
A122: Uruguay | B122: 26.986061 | C122: 27.672897 | J122: 0.68683636 | K122: 41.5 | L122: 0 | M122: 0.68683636 | N122: 10 | O122: #N/A
A123: Spain | B123: 30.423659 | C123: 30.989127 | J123: 0.5654687 | K123: 40.5 | L123: 0 | M123: 0.5654687 | N123: 10 | O123: #N/A
A124: Poland | B124: 25.824217 | C124: 26.266415 | J124: 0.44219877 | K124: 39.5 | L124: 0 | M124: 0.44219877 | N124: 10 | O124: #N/A
A125: Portugal | B125: 28.560729 | C125: 28.879571 | J125: 0.31884204 | K125: 38.5 | L125: 0 | M125: 0.31884204 | N125: 10 | O125: #N/A
A126: Switzerland | B126: 31.812619 | C126: 32.076904 | J126: 0.26428533 | K126: 37.5 | L126: 0 | M126: 0.26428533 | N126: 10 | O126: #N/A
A127: Mexico | B127: 26.324662 | C127: 26.467011 | J127: 0.14234887 | K127: 36.5 | L127: 0 | M127: 0.14234887 | N127: 10 | O127: #N/A
A128: Slovenia | B128: 28.325971 | C128: 28.374463 | J128: 0.048491457 | K128: 35.5 | L128: 0 | M128: 0.048491457 | N128: 10 | O128: #N/A
A129: Singapore | B129: 35.061176 | C129: 35.065309 | J129: 0.0041328395 | K129: 34.5 | L129: 0 | M129: 0.0041328395 | N129: 10 | O129: #N/A
... A140: Japan | B140: 35.050068 | C140: 33.814365 | J140: -1.2357031 | K140: 23.5 | L140: 1.2357031 | M140: 0 | N140: 10 | O140: #N/A
A141: Ukrainian regions (18 of 27) | B141: 27.432706 | C141: 26.131657 | J141: -1.3010484 | K141: 22.5 | L141: 1.3010484 | M141: 0 | N141: #N/A | O141: 10
A142: Costa Rica | B142: 31.21922 | C142: 29.825824 | J142: -1.3933962 | K142: 21.5 | L142: 1.3933962 | M142: 0 | N142: 10 | O142: #N/A
A143: Finland | B143: 31.954248 | C143: 30.461462 | J143: -1.4927859 | K143: 20.5 | L143: 1.4927859 | M143: 0 | N143: 10 | O143: #N/A
A144: Kosovo | B144: 30.930597 | C144: 28.961698 | J144: -1.9688988 | K144: 19.5 | L144: 1.9688988 | M144: 0 | N144: #N/A | O144: 10
A145: Colombia | B145: 29.433102 | C145: 27.041539 | J145: -2.3915633 | K145: 18.5 | L145: 2.3915633 | M145: 0 | N145: 10 | O145: #N/A
A146: Albania | B146: 27.8231 | C146: 25.2752 | J146: -2.5479002 | K146: 17.5 | L146: 2.5479002 | M146: 0 | N146: 10 | O146: #N/A
A147: Qatar | B147: 33.360741 | C147: 30.708434 | J147: -2.6523061 | K147: 16.5 | L147: 2.6523061 | M147: 0 | N147: 10 | O147: #N/A
A148: Peru | B148: 32.330883 | C148: 29.227724 | J148: -3.1031597 | K148: 15.5 | L148: 3.1031597 | M148: 0 | N148: 10 | O148: #N/A
A149: Moldova | B149: 30.319696 | C149: 27.139543 | J149: -3.1801529 | K149: 14.5 | L149: 3.1801529 | M149: 0 | N149: 10 | O149: #N/A
A150: Dominican Republic | B150: 27.306719 | C150: 24.105098 | J150: -3.2016214 | K150: 13.5 | L150: 3.2016214 | M150: 0 | N150: 10 | O150: #N/A
A151: Hong Kong (China)* | B151: 30.676639 | C151: 27.280428 | J151: -3.3962107 | K151: 12.5 | L151: 3.3962107 | M151: 0 | N151: #N/A | O151: 10
A152: Korea | B152: 33.145046 | C152: 29.580649 | J152: -3.5643971 | K152: 11.5 | L152: 3.5643971 | M152: 0 | N152: 10 | O152: #N/A
A153: Türkiye | B153: 32.78633 | C153: 29.066286 | J153: -3.7200441 | K153: 10.5 | L153: 3.7200441 | M153: 0 | N153: 10 | O153: #N/A
A154: Panama* | B154: 32.701589 | C154: 28.688757 | J154: -4.0128325 | K154: 9.5 | L154: 4.0128325 | M154: 0 | N154: 10 | O154: #N/A
A155: Malta | B155: 29.625417 | C155: 25.092107 | J155: -4.5333104 | K155: 8.5 | L155: 4.5333104 | M155: 0 | N155: 10 | O155: #N/A
A156: Baku (Azerbaijan) | B156: 31.324612 | C156: 26.418828 | J156: -4.905784 | K156: 7.5 | L156: 4.905784 | M156: 0 | N156: #N/A | O156: 10
A157: Malaysia | B157: 33.122861 | C157: 27.811129 | J157: -5.3117323 | K157: 6.5 | L157: 5.3117323 | M157: 0 | N157: 10 | O157: #N/A
A158: Jordan | B158: 33.121338 | C158: 27.697057 | J158: -5.4242815 | K158: 5.5 | L158: 5.4242815 | M158: 0 | N158: 10 | O158: #N/A
A159: United Arab Emirates | B159: 34.114188 | C159: 28.667593 | J159: -5.4465943 | K159: 4.5 | L159: 5.4465943 | M159: 0 | N159: 10 | O159: #N/A
A160: Norway | B160: 33.443837 | C160: 27.944077 | J160: -5.4997609 | K160: 3.5 | L160: 5.4997609 | M160: 0 | N160: 10 | O160: #N/A
A161: Philippines | B161: 31.488393 | C161: 25.900437 | J161: -5.5879558 | K161: 2.5 | L161: 5.5879558 | M161: 0 | N161: 10 | O161: #N/A
A162: Macao (China) | B162: 35.334469 | C162: 28.34825 | J162: -6.986219 | K162: 1.5 | L162: 6.986219 | M162: 0 | N162: #N/A | O162: 10
A163: Brunei Darussalam | B163: 33.245491 | C163: 20.161247 | J163: -13.084244 | K163: 0.5 | L163: 13.084244 | M163: 0 | N163: 10 | O163: #N/A

Sheet Table B.1
A1: Table B.1
A2: Growth mindset, by level of performance in mathematics
A3: Based on students' reports
B6: Percentage of students who report "Your intelligence is something about you that you cannot change very much" by level of performance in mathematics:
B7: All students | N7: Students who scored below Level 2 (low-performers) | Z7: Students who scored at Level 2, 3 or 4 | AL7: Students who scored at Level 5 or above (top-performers)
B8: Strongly disagree | E8: Disagree | H8: Agree | K8: Strongly agree | N8: Strongly disagree | Q8: Disagree | T8: Agree | W8: Strongly agree | Z8: Strongly disagree | AC8: Disagree | AF8: Agree | AI8: Strongly agree | AL8: Strongly disagree | AO8: Disagree | AR8: Agree | AU8: Strongly agree
B9: % | C9: S.E. | E9: % | F9: S.E. | H9: % | I9: S.E. | K9: % | L9: S.E. | N9: % | O9: S.E. | Q9: % | R9: S.E. | T9: % | U9: S.E. | W9: % | X9: S.E. | Z9: % | AA9: S.E. | AC9: % | AD9: S.E. | AF9: % | AG9: S.E. | AI9: % | AJ9: S.E. | AL9: % | AM9: S.E. | AO9: % | AP9: S.E. | AR9: % | AS9: S.E. | AU9: % | AV9: S.E.
A10: OECD average | B10: 14.99507 | C10: 0.085555231 | E10: 42.812246 | F10: 0.12074771 | H10: 34.605658 | I10: 0.11539495 | K10: 7.5870262 | L10: 0.064380282 | N10: 13.750536 | O10: 0.19168749 | Q10: 35.355848 | R10: 0.25586852 | T10: 41.161577 | U10: 0.26770288 | W10: 9.7320387 | X10: 0.16586387 | Z10: 15.228019 | AA10: 0.12032114 | AC10: 45.688686 | AD10: 0.165007 | AF10: 32.433946 | AG10: 0.15726647 | AI10: 6.6493491 | AJ10: 0.081221721 | AL10: 19.21186 | AM10: 0.51473545 | AO10: 47.56175 | AP10: 0.60916504 | AR10: 25.867884 | AS10: 0.55857485 | AU10: 7.3585058 | AV10: 0.32979343
A11: Albania | B11: 13.070758 | C11: 0.61794282 | D11: † | E11: 17.624265 | F11: 0.6628784 | G11: † | H11: 47.911187 | I11: 0.87300279 | J11: † | K11: 21.393791 | L11: 0.67688567 | M11: † | N11: 14.440535 | O11: 0.74742223 | P11: † | Q11: 15.489244 | R11: 0.78574641 | S11: † | T11: 48.780054 | U11: 1.0462055 | V11: † | W11: 21.290167 | X11: 0.9250963 | Y11: † | Z11: 9.961362 | AA11: 1.0670891 | AB11: † | AC11: 21.689141 | AD11: 1.4014639 | AE11: † | AF11: 46.443647 | AG11: 1.7575909 | AH11: † | AI11: 21.90585 | AJ11: 1.3588375 | AK11: † | AL11: 7.7122947 | AM11: 7.1171525 | AO11: 49.368766 | AP11: 10.387156 | AR11: 29.384103 | AS11: 8.727489 | AU11: 13.534837 | AV11: 7.1635597
A12: Argentina | B12: 16.774773 | C12: 0.54619744 | D12: † | E12: 31.502716 | F12: 0.86068867 | G12: † | H12: 41.16754 | I12: 0.70309417 | J12: † | K12: 10.554972 | L12: 0.43780089 | M12: † | N12: 15.454354 | O12: 0.73891798 | P12: † | Q12: 26.719828 | R12: 1.0798879 | S12: † | T12: 46.204578 | U12: 0.96324147 | V12: † | W12: 11.62124 | X12: 0.60504417 | Y12: † | Z12: 19.376822 | AA12: 1.1103632 | AC12: 40.889566 | AD12: 1.4227037 | AF12: 31.315441 | AG12: 1.2937076 | AI12: 8.418171 | AJ12: 0.73851776 | AL12: 19.376443 | AM12: 9.0868705 | AO12: 44.366761 | AP12: 11.626872 | AR12: 25.09169 | AS12: 8.5689515 | AU12: 11.165106 | AV12: 7.4307252
A13: Australia* | B13: 16.284703 | C13: 0.37698462 | E13: 49.457514 | F13: 0.49489435 | H13: 29.105842 | I13: 0.44042055 | K13: 5.1519418 | L13: 0.20562228 | N13: 8.6699843 | O13: 0.63100533 | Q13: 37.428367 | R13: 1.0329019 | T13: 45.543929 | U13: 1.0688363 | W13: 8.3577195 | X13: 0.63292157 | Z13: 16.373793 | AA13: 0.52156282 | AC13: 53.268557 | AD13: 0.6935631 | AF13: 25.987828 | AG13: 0.62827335 | AI13: 4.3698214 | AJ13: 0.27216022 | AL13: 30.365457 | AM13: 1.4456388 | AO13: 53.866431 | AP13: 1.7116956 | AR13: 12.924844 | AS13: 1.0868121 | AU13: 2.8432677 | AV13: 0.55011435
A14: Austria | B14: 28.647169 | C14: 0.71055727 | E14: 42.816582 | F14: 0.74749885 | H14: 20.866668 | I14: 0.62291582 | K14: 7.669581 | L14: 0.38452867 | N14: 26.29418 | O14: 1.6429462 | Q14: 33.99875 | R14: 1.5306311 | T14: 27.670635 | U14: 1.6281917 | W14: 12.036435 | X14: 1.0960919 | Z14: 28.831462 | AA14: 0.88508806 | AC14: 45.489378 | AD14: 0.92425209 | AF14: 19.04749 | AG14: 0.70877757 | AI14: 6.6316696 | AJ14: 0.46527258 | AL14: 32.237177 | AM14: 2.1438607 | AO14: 44.227214 | AP14: 2.2500755 | AR14: 18.302621 | AS14: 2.0224571 | AU14: 5.2329882 | AV14: 0.96118135
A15: Baku (Azerbaijan) | B15: 16.993696 | C15: 0.57153671 | D15: † | E15: 26.24064 | F15: 0.79733561 | G15: † | H15: 41.909457 | I15: 0.8035375 | J15: † | K15: 14.856206 | L15: 0.63830316 | M15: † | N15: 18.372144 | O15: 0.98679702 | P15: ‡ | Q15: 23.054056 | R15: 1.0480288 | S15: ‡ | T15: 43.454931 | U15: 1.2228733 | V15: ‡ | W15: 15.118869 | X15: 0.97157336 | Y15: ‡ | Z15: 15.290341 | AA15: 1.0199418 | AB15: † | AC15: 29.582413 | AD15: 1.176269 | AE15: † | AF15: 40.302103 | AG15: 1.2926457 | AH15: † | AI15: 14.825144 | AJ15: 0.96609576 | AK15: † | AL15: 22.832946 | AM15: 6.7794733 | AO15: 32.580288 | AP15: 7.0659081 | AR15: 38.366585 | AS15: 7.8669678 | AU15: 6.2201804 | AV15: 4.0629936
A16: Belgium | B16: 9.7086533 | C16: 0.42436331 | E16: 42.921584 | F16: 0.66988061 | H16: 38.580419 | I16: 0.65152932 | K16: 8.7893441 | L16: 0.33028829 | N16: 11.797658 | O16: 1.0446252 | P16: † | Q16: 34.549525 | R16: 1.5671809 | S16: † | T16: 43.151973 | U16: 1.829944 | V16: † | W16: 10.500844 | X16: 0.80467453 | Y16: † | Z16: 9.0063515 | AA16: 0.49620711 | AC16: 44.671596 | AD16: 0.82662478 | AF16: 37.934467 | AG16: 0.81506195 | AI16: 8.3875858 | AJ16: 0.43572075 | AL16: 10.033442 | AM16: 1.3966617 | AO16: 47.37743 | AP16: 1.9617577 | AR16: 34.476447 | AS16: 2.046592 | AU16: 8.1126809 | AV16: 0.97977395
A17: Brazil | B17: 20.193648 | C17: 0.53727746 | E17: 40.927173 | F17: 0.56552668 | H17: 31.478887 | I17: 0.5936593 | K17: 7.4002921 | L17: 0.30297395 | N17: 16.646468 | O17: 0.63581099 | Q17: 37.159292 | R17: 0.69384839 | T17: 37.140942 | U17: 0.73955198 | W17: 9.0532982 | X17: 0.43372231 | Z17: 27.915433 | AA17: 1.0550083 | AC17: 50.117505 | AD17: 1.2754382 | AF17: 18.398262 | AG17: 1.01721 | AI17: 3.5688001 | AJ17: 0.46182217 | AL17: 51.06606 | AM17: 8.4321932 | AO17: 33.34903 | AP17: 6.3222247 | AR17: 12.883902 | AS17: 6.6322277 | AU17: 2.7010078 | AV17: 1.8982945
A18: Brunei Darussalam | B18: 11.544169 | C18: 0.46962231 | E18: 33.810006 | F18: 0.64513014 | H18: 45.863784 | I18: 0.63286338 | K18: 8.7820399 | L18: 0.37259807 | N18: 6.8827351 | O18: 0.62184155 | Q18: 28.937224 | R18: 1.0867275 | T18: 54.455767 | U18: 1.0931612 | W18: 9.7242734 | X18: 0.68781178 | Z18: 14.121846 | AA18: 0.72673934 | AC18: 36.486453 | AD18: 0.99078833 | AF18: 40.964317 | AG18: 1.0497839 | AI18: 8.4273845 | AJ18: 0.58956291 | AL18: 25.307762 | AM18: 4.3967604 | AO18: 48.349946 | AP18: 4.8084329 | AR18: 23.222766 | AS18: 4.3044449 | AU18: 3.1195261 | AV18: 1.7370458
A19: Bulgaria | B19: 22.483708 | C19: 0.70759889 | E19: 36.486174 | F19: 0.73195072 | H19: 30.86069 | I19: 0.76530334 | K19: 10.169428 | L19: 0.42705935 | N19: 24.155118 | O19: 1.1695912 | P19: † | Q19: 30.559285 | R19: 1.0488208 | S19: † | T19: 33.413065 | U19: 1.0517874 | V19: † | W19: 11.872532 | X19: 0.68191783 | Y19: † | Z19: 20.854246 | AA19: 0.96825021 | AC19: 41.772714 | AD19: 1.1797817 | AF19: 28.729197 | AG19: 1.132935 | AI19: 8.6438427 | AJ19: 0.62023035 | AL19: 21.706534 | AM19: 3.5580883 | AO19: 45.385531 | AP19: 3.8368673 | AR19: 25.202354 | AS19: 3.2290904 | AU19: 7.7055803 | AV19: 2.307563
A20: Cambodia | B20: m | C20: m | E20: m | F20: m | H20: m | I20: m | K20: m | L20: m | N20: m | O20: m | Q20: m | R20: m | T20: m | U20: m | W20: m | X20: m | Z20: m | AA20: m | AC20: m | AD20: m | AF20: m | AG20: m | AI20: m | AJ20: m | AL20: m | AM20: m | AO20: m | AP20: m | AR20: m | AS20: m | AU20: m | AV20: m
A21: Canada* | B21: 16.658678 | C21: 0.40900867 | E21: 45.808426 | F21: 0.55502469 | H21: 30.418613 | I21: 0.50877499 | K21: 7.1142828 | L21: 0.24420467 | N21: 11.634612 | O21: 0.86546879 | P21: † | Q21: 35.26279 | R21: 1.3960936 | S21: † | T21: 43.029734 | U21: 1.3023411 | V21: † | W21: 10.072865 | X21: 0.82315499 | Y21: † | Z21: 16.684817 | AA21: 0.48970693 | AC21: 47.566177 | AD21: 0.71358876 | AF21: 29.130879 | AG21: 0.61117847 | AI21: 6.6181268 | AJ21: 0.31010436 | AL21: 23.231132 | AM21: 1.379982 | AO21: 51.380829 | AP21: 1.4573115 | AR21: 19.822644 | AS21: 1.1837103 | AU21: 5.5653953 | AV21: 0.731224
A22: Chile | B22: 23.236262 | C22: 0.67491699 | E22: 37.953979 | F22: 0.79907551 | H22: 30.423519 | I22: 0.68909252 | K22: 8.3862393 | L22: 0.53871044 | N22: 18.971974 | O22: 0.87460115 | Q22: 31.952817 | R22: 1.1155494 | T22: 38.463964 | U22: 1.1540496 | W22: 10.611245 | X22: 0.8259149 | Z22: 27.774571 | AA22: 1.0849619 | AC22: 44.462866 | AD22: 1.1463412 | AF22: 21.779135 | AG22: 0.96217596 | AI22: 5.9834282 | AJ22: 0.60887381 | AL22: 30.457804 | AM22: 8.369019 | AO22: 40.686895 | AP22: 9.4042903 | AR22: 22.142686 | AS22: 6.9678443 | AU22: 6.7126147 | AV22: 4.3313527
A23: Colombia | B23: 11.917024 | C23: 0.39013502 | E23: 30.63457 | F23: 0.66924229 | H23: 48.380666 | I23: 0.69316382 | K23: 9.0677403 | L23: 0.55924081 | N23: 10.539956 | O23: 0.51685204 | Q23: 25.418242 | R23: 0.7344152 | T23: 53.903089 | U23: 0.88246325 | W23: 10.138714 | X23: 0.68648982 | Z23: 14.704216 | AA23: 0.85517801 | AC23: 41.426057 | AD23: 1.1868722 | AF23: 37.013779 | AG23: 1.3603772 | AI23: 6.8559483 | AJ23: 0.8036707 | AL23: 22.660781 | AM23: 9.8070377 | AO23: 48.352338 | AP23: 9.9587256 | AR23: 23.231669 | AS23: 10.539132 | AU23: 5.7552116 | AV23: 5.8988746
A24: Costa Rica | B24: 17.997055 | C24: 0.7074342 | E24: 35.88862 | F24: 0.79868576 | H24: 36.54141 | I24: 0.8860032 | K24: 9.5729142 | L24: 0.38973423 | N24: 14.617755 | O24: 0.71588583 | Q24: 33.221848 | R24: 0.92714815 | T24: 41.054646 | U24: 0.95054714 | W24: 11.105751 | X24: 0.49866486 | Z24: 26.301605 | AA24: 1.4953661 | AC24: 42.583092 | AD24: 1.5598961 | AF24: 25.326031 | AG24: 1.4247684 | AI24: 5.7892713 | AJ24: 0.76699612 | AL24: c | AM24: c | AO24: c | AP24: c | AR24: c | AS24: c | AU24: c | AV24: c
A25: Croatia | B25: 12.092593 | C25: 0.41929304 | E25: 42.06972 | F25: 0.65548095 | H25: 37.707686 | I25: 0.67955623 | K25: 8.1300019 | L25: 0.37093599 | N25: 12.06778 | O25: 0.90919547 | Q25: 36.51126 | R25: 1.2366603 | T25: 42.208482 | U25: 1.3826499 | W25: 9.2124781 | X25: 0.73171614 | Z25: 11.996127 | AA25: 0.57260977 | AC25: 44.659217 | AD25: 0.90356946 | AF25: 35.78211 | AG25: 0.86536801 | AI25: 7.5625454 | AJ25: 0.44268216 | AL25: 13.219594 | AM25: 2.180751 | AO25: 43.848473 | AP25: 2.9120582 | AR25: 34.533479 | AS25: 2.5894123 | AU25: 8.3984545 | AV25: 1.9156422
A26: Cyprus | B26: 12.279255 | C26: 0.4734788 | D26: † | E26: 34.80804 | F26: 0.74112988 | G26: † | H26: 41.120761 | I26: 0.69439418 | J26: † | K26: 11.791944 | L26: 0.48321911 | M26: † | N26: 14.087885 | O26: 0.77230327 | P26: † | Q26: 29.726316 | R26: 1.3066827 | S26: † | T26: 43.016915 | U26: 1.2572548 | V26: † | W26: 13.168884 | X26: 0.80870158 | Y26: † | Z26: 10.343277 | AA26: 0.67870915 | AC26: 38.768012 | AD26: 1.0870662 | AF26: 40.385154 | AG26: 0.97383092 | AI26: 10.503557 | AJ26: 0.73692771 | AL26: 15.688594 | AM26: 2.9844655 | AO26: 39.909252 | AP26: 3.4508609 | AR26: 31.883918 | AS26: 3.835443 | AU26: 12.518236 | AV26: 2.4250134
A27: Czechia | B27: 9.4141939 | C27: 0.34153505 | E27: 40.841499 | F27: 0.69725699 | H27: 42.072565 | I27: 0.73181773 | K27: 7.6717415 | L27: 0.33697666 | N27: 11.417953 | O27: 0.96163503 | Q27: 32.968651 | R27: 1.6280135 | T27: 46.588883 | U27: 1.7375561 | W27: 9.0245125 | X27: 0.88781192 | Z27: 8.8460476 | AA27: 0.48094699 | AC27: 43.464554 | AD27: 0.91894227 | AF27: 40.836195 | AG27: 0.96815159 | AI27: 6.8532042 | AJ27: 0.39861054 | AL27: 8.5597244 | AM27: 1.2220069 | AO27: 41.863916 | AP27: 2.1174773 | AR27: 39.92043 | AS27: 2.08119 | AU27: 9.65593 | AV27: 1.2008816
A28: Denmark* | B28: 12.08675 | C28: 0.48938456 | E28: 50.561953 | F28: 0.79743872 | H28: 33.133939 | I28: 0.74742204 | K28: 4.2173578 | L28: 0.31882177 | N28: 8.0935133 | O28: 1.2781923 | Q28: 38.74369 | R28: 2.2751225 | T28: 47.260306 | U28: 2.1542327 | W28: 5.9024906 | X28: 0.90217931 | Z28: 12.082136 | AA28: 0.5858498 | AC28: 53.054317 | AD28: 0.9114943 | AF28: 31.282079 | AG28: 0.90507791 | AI28: 3.5814678 | AJ28: 0.34666585 | AL28: 20.621333 | AM28: 2.2682395 | AO28: 54.32448 | AP28: 2.9216095 | AR28: 18.979724 | AS28: 2.6476594 | AU28: 6.0744627 | AV28: 1.5284171
A29: Dominican Republic | B29: 16.9991 | C29: 0.59580005 | D29: † | E29: 21.155284 | F29: 0.587987 | G29: † | H29: 45.83922 | I29: 0.73551222 | J29: † | K29: 16.006396 | L29: 0.52444209 | M29: † | N29: 16.964435 | O29: 0.65812437 | P29: † | Q29: 19.615803 | R29: 0.56869802 | S29: † | T29: 47.186362 | U29: 0.74818287 | V29: † | W29: 16.233399 | X29: 0.59492136 | Y29: † | Z29: 17.30172 | AA29: 2.0883157 | AC29: 34.734908 | AD29: 2.4220461 | AF29: 33.968155 | AG29: 2.8257876 | AI29: 13.995216 | AJ29: 2.0949493 | AL29: m | AM29: m | AO29: m | AP29: m | AR29: m | AS29: m | AU29: m | AV29: m
A30: El Salvador | B30: 13.097955 | C30: 0.56432772 | E30: 22.678137 | F30: 0.75043845 | H30: 52.745749 | I30: 0.77047602 | K30: 11.478158 | L30: 0.5744944 | N30: 12.877769 | O30: 0.60116696 | Q30: 20.481714 | R30: 0.74094469 | T30: 54.687919 | U30: 0.8554747 | W30: 11.952597 | X30: 0.63308219 | Z30: 14.617195 | AA30: 1.568854 | AC30: 37.813735 | AD30: 2.0875157 | AF30: 39.353455 | AG30: 2.2437575 | AI30: 8.2156146 | AJ30: 1.417419 | AL30: m | AM30: m | AO30: m | AP30: m | AR30: m | AS30: m | AU30: m | AV30: m
A31: Estonia | B31: 21.022449 | C31: 0.617051 | E31: 52.841874 | F31: 0.76426845 | H31: 22.049175 | I31: 0.66847896 | K31: 4.0865024 | L31: 0.3017992 | N31: 15.212445 | O31: 1.685644 | Q31: 45.95618 | R31: 2.3206728 | T31: 32.820101 | U31: 2.2557755 | W31: 6.0112737 | X31: 1.0667067 | Z31: 20.642649 | AA31: 0.70860164 | AC31: 54.509648 | AD31: 0.94792955 | AF31: 20.889651 | AG31: 0.79252888 | AI31: 3.9580517 | AJ31: 0.34160518 | AL31: 29.214541 | AM31: 2.0505544 | AO31: 51.191016 | AP31: 2.222209 | AR31: 16.857267 | AS31: 1.6038887 | AU31: 2.7371757 | AV31: 0.63077831
A32: Finland | B32: 10.618287 | C32: 0.37229814 | E32: 48.602979 | F32: 0.6770732 | H32: 34.832333 | I32: 0.66681263 | K32: 5.9464005 | L32: 0.28912802 | N32: 9.3890927 | O32: 0.76561276 | Q32: 43.016088 | R32: 1.4838361 | T32: 39.562846 | U32: 1.5059828 | W32: 8.0319741 | X32: 0.88087272 | Z32: 10.306566 | AA32: 0.45620744 | AC32: 49.937887 | AD32: 0.9106991 | AF32: 34.455471 | AG32: 0.89492629 | AI32: 5.3000758 | AJ32: 0.3335164 | AL32: 15.767537 | AM32: 1.6868578 | AO32: 51.748471 | AP32: 2.3640757 | AR32: 26.623239 | AS32: 1.9708426 | AU32: 5.8607538 | AV32: 0.88247188
A33: France | B33: 10.048816 | C33: 0.39044276 | E33: 35.812404 | F33: 0.50094661 | H33: 42.137322 | I33: 0.53810834 | K33: 12.001459 | L33: 0.43880829 | N33: 12.655446 | O33: 0.98263599 | P33: † | Q33: 30.532776 | R33: 1.206428 | S33: † | T33: 42.427389 | U33: 1.2746188 | V33: † | W33: 14.384389 | X33: 1.0670657 | Y33: † | Z33: 9.1392715 | AA33: 0.49119232 | AC33: 37.740301 | AD33: 0.65614446 | AF33: 42.429759 | AG33: 0.81032166 | AI33: 10.690669 | AJ33: 0.62014013 | AL33: 9.7781803 | AM33: 1.6092709 | AO33: 35.649917 | AP33: 2.4829357 | AR33: 38.918521 | AS33: 2.8326484 | AU33: 15.653382 | AV33: 2.0536862
A34: Georgia | B34: 17.26508 | C34: 0.53815842 | D34: † | E34: 39.513903 | F34: 0.86259478 | G34: † | H34: 34.727633 | I34: 0.72206663 | J34: † | K34: 8.4933845 | L34: 0.42157013 | M34: † | N34: 16.480393 | O34: 0.72849001 | P34: † | Q34: 35.887437 | R34: 1.0818781 | S34: † | T34: 38.806697 | U34: 1.0649376 | V34: † | W34: 8.8254723 | X34: 0.59854155 | Y34: † | Z34: 18.421533 | AA34: 0.95813881 | AC34: 44.811448 | AD34: 1.5722327 | AF34: 28.641339 | AG34: 1.1853727 | AI34: 8.1256789 | AJ34: 0.81984526 | AL34: 19.857683 | AM34: 4.9758119 | AO34: 53.083239 | AP34: 6.3754841 | AR34: 22.716565 | AS34: 5.4550794 | AU34: 4.3425131 | AV34: 2.7339872
A35: Germany | B35: 24.021279 | C35: 0.63472246 | E35: 48.116705 | F35: 0.79386134 | H35: 22.003951 | I35: 0.64118056 | K35: 5.8580646 | L35: 0.35830649 | N35: 22.478901 | O35: 1.4557376 | P35: † | Q35: 42.130876 | R35: 1.6536376 | S35: † | T35: 25.866171 | U35: 1.6967682 | V35: † | W35: 9.5240517 | X35: 0.92887256 | Y35: † | Z35: 24.610752 | AA35: 0.8422887 | AC35: 50.574405 | AD35: 1.0002982 | AF35: 20.373477 | AG35: 0.78608397 | AI35: 4.4413663 | AJ35: 0.4216658 | AL35: 23.945153 | AM35: 1.912627 | AO35: 46.673765 | AP35: 2.9287147 | AR35: 23.208344 | AS35: 2.3691942 | AU35: 6.1727378 | AV35: 1.1884478
A36: Greece | B36: 7.486098 | C36: 0.39843459 | E36: 33.186223 | F36: 0.55042506 | H36: 48.13315 | I36: 0.60526849 | K36: 11.194529 | L36: 0.42010291 | N36: 8.8073535 | O36: 0.64746342 | Q36: 31.004289 | R36: 1.0666882 | T36: 49.050528 | U36: 1.0953259 | W36: 11.137829 | X36: 0.69849916 | Z36: 6.241859 | AA36: 0.51577774 | AC36: 35.076372 | AD36: 0.83855933 | AF36: 47.788791 | AG36: 0.88264552 | AI36: 10.892978 | AJ36: 0.56084144 | AL36: 10.736969 | AM36: 3.1305859 | AO36: 32.033339 | AP36: 4.6129131 | AR36: 37.191258 | AS36: 6.2498419 | AU36: 20.038434 | AV36: 4.4733123
A37: Guatemala | B37: m | C37: m | E37: m | F37: m | H37: m | I37: m | K37: m | L37: m | N37: m | O37: m | Q37: m | R37: m | T37: m | U37: m | W37: m | X37: m | Z37: m | AA37: m | AC37: m | AD37: m | AF37: m | AG37: m | AI37: m | AJ37: m | AL37: m | AM37: m | AO37: m | AP37: m | AR37: m | AS37: m | AU37: m | AV37: m
A38: Hong Kong (China)* | B38: 7.3000865 | C38: 0.4334481 | E38: 32.745581 | F38: 0.66317197 | H38: 48.813028 | I38: 0.73127277 | K38: 11.141304 | L38: 0.52042583 | N38: 8.7355891 | O38: 1.291309 | Q38: 31.628 | R38: 2.0740445 | T38: 47.469518 | U38: 2.2023715 | W38: 12.166893 | X38: 1.3799918 | Z38: 6.8897947 | AA38: 0.61633453 | AC38: 34.245935 | AD38: 0.96933512 | AF38: 48.349611 | AG38: 1.0982957 | AI38: 10.51466 | AJ38: 0.69146619 | AL38: 7.490567 | AM38: 0.89560482 | AO38: 30.092263 | AP38: 1.6324757 | AR38: 50.435171 | AS38: 1.6166758 | AU38: 11.981999 | AV38: 0.9373852
A39: Hungary | B39: 13.402859 | C39: 0.50819758 | E39: 43.379157 | F39: 0.76643224 | H39: 34.714107 | I39: 0.6302113 | K39: 8.5038776 | L39: 0.36240828 | N39: 14.115771 | O39: 1.087394 | Q39: 34.136012 | R39: 1.5164104 | T39: 42.445941 | U39: 1.3949566 | W39: 9.3022759 | X39: 0.85787609 | Z39: 13.044406 | AA39: 0.61908689 | AC39: 46.363274 | AD39: 0.99497825 | AF39: 32.491222 | AG39: 0.84846091 | AI39: 8.1010974 | AJ39: 0.46879981 | AL39: 13.853769 | AM39: 1.5626073 | AO39: 50.589393 | AP39: 2.8727261 | AR39: 26.549877 | AS39: 2.2793821 | AU39: 9.0069616 | AV39: 1.4880911
A40: Iceland | B40: 11.409938 | C40: 0.66775477 | E40: 45.449595 | F40: 0.93794231 | H40: 38.568443 | I40: 0.88254832 | K40: 4.5720233 | L40: 0.39161171 | N40: 10.683618 | O40: 1.3564424 | P40: † | Q40: 39.328104 | R40: 1.7372925 | S40: † | T40: 43.199016 | U40: 1.9937521 | V40: † | W40: 6.7892623 | X40: 0.93853569 | Y40: † | Z40: 10.968571 | AA40: 0.87355894 | AC40: 47.490453 | AD40: 1.2608572 | AF40: 37.899768 | AG40: 1.247842 | AI40: 3.6412081 | AJ40: 0.48977831 | AL40: 20.244541 | AM40: 3.8698357 | AO40: 53.111304 | AP40: 4.6222266 | AR40: 22.61401 | AS40: 4.0974883 | AU40: 4.0301456 | AV40: 1.6599129
A41: Indonesia | B41: 8.4006699 | C41: 0.39184482 | E41: 26.97113 | F41: 0.75908717 | H41: 54.377205 | I41: 0.811299 | K41: 10.250995 | L41: 0.40294107 | N41: 7.7257445 | O41: 0.45872124 | Q41: 23.506052 | R41: 0.74554118 | T41: 58.144894 | U41: 0.86512637 | W41: 10.62331 | X41: 0.48058846 | Z41: 11.311002 | AA41: 1.0826341 | AC41: 41.822418 | AD41: 1.8753301 | AF41: 38.242914 | AG41: 1.794951 | AI41: 8.6236662 | AJ41: 0.94335294 | AL41: c | AM41: c | AO41: c | AP41: c | AR41: c | AS41: c | AU41: c | AV41: c
A42: Ireland* | B42: 18.360223 | C42: 0.52904026 | E42: 54.522776 | F42: 0.59483965 | H42: 24.076343 | I42: 0.57938347 | K42: 3.0406584 | L42: 0.22361047 | N42: 9.3424681 | O42: 1.1899307 | Q42: 43.671233 | R42: 1.9227135 | T42: 40.609099 | U42: 1.9799124 | W42: 6.3771999 | X42: 0.80303301 | Z42: 19.162735 | AA42: 0.62010181 | AC42: 57.102223 | AD42: 0.77078013 | AF42: 21.315028 | AG42: 0.6355899 | AI42: 2.4200139 | AJ42: 0.24642051 | AL42: 32.293803 | AM42: 2.6572307 | AO42: 55.001171 | AP42: 2.6789906 | AR42: 11.557552 | AS42: 1.6588117 | AU42: 1.1474739 | AV42: 0.73049898
A43: Israel | B43: m | C43: m | E43: m | F43: m | H43: m | I43: m | K43: m | L43: m | N43: m | O43: m | Q43: m | R43: m | T43: m | U43: m | W43: m | X43: m | Z43: m | AA43: m | AC43: m | AD43: m | AF43: m | AG43: m | AI43: m | AJ43: m | AL43: m | AM43: m | AO43: m | AP43: m | AR43: m | AS43: m | AU43: m | AV43: m
A44: Italy | B44: 10.533268 | C44: 0.44514537 | E44: 39.266224 | F44: 0.65314393 | H44: 41.069159 | I44: 0.68980031 | K44: 9.1313493 | L44: 0.29916588 | N44: 11.951214 | O44: 0.95781784 | Q44: 34.905024 | R44: 1.2464225 | T44: 43.51695 | U44: 1.4502718 | W44: 9.6268126 | X44: 0.65193425 | Z44: 9.9777979 | AA44: 0.59018244 | AC44: 40.996312 | AD44: 0.82900096 | AF44: 40.398622 | AG44: 0.80195225 | AI44: 8.6272677 | AJ44: 0.42065244 | AL44: 10.031976 | AM44: 1.723206 | AO44: 40.637351 | AP44: 2.6970623 | AR44: 37.612 | AS44: 2.9003618 | AU44: 11.718673 | AV44: 1.8058423
A45: Jamaica* | B45: 12.282374 | C45: 0.76686779 | E45: 22.810355 | F45: 0.86575259 | H45: 44.74208 | I45: 1.2887065 | K45: 20.165192 | L45: 1.0802792 | N45: 10.759633 | O45: 0.85974288 | P45: † | Q45: 16.537526 | R45: 0.87773756 | S45: † | T45: 49.293386 | U45: 1.3549783 | V45: † | W45: 23.409456 | X45: 1.3923844 | Y45: † | Z45: 15.334728 | AA45: 1.7688895 | AC45: 35.792895 | AD45: 1.8141689 | AF45: 35.411572 | AG45: 1.9509331 | AI45: 13.460805 | AJ45: 1.421396 | AL45: m | AM45: m | AO45: m | AP45: m | AR45: m | AS45: m | AU45: m | AV45: m
A46: Japan | B46: 21.925536 | C46: 0.46856726 | E46: 49.078402 | F46: 0.71963832 | H46: 21.61769 | I46: 0.59956349 | K46: 7.3783722 | L46: 0.37580126 | N46: 20.14591 | O46: 1.708019 | Q46: 42.231267 | R46: 1.991281 | T46: 25.845347 | U46: 1.9154842 | W46: 11.777476 | X46: 1.5904448 | Z46: 19.994587 | AA46: 0.60140043 | AC46: 49.90075 | AD46: 0.97794398 | AF46: 22.874502 | AG46: 0.76821531 | AI46: 7.2301612 | AJ46: 0.51603678 | AL46: 28.257909 | AM46: 1.4336634 | AO46: 50.23433 | AP46: 1.5330398 | AR46: 15.93985 | AS46: 1.2956959 | AU46: 5.5679109 | AV46: 0.70406897
A47: Jordan | B47: 19.127163 | C47: 0.62123053 | E47: 29.967265 | F47: 0.79569133 | H47: 36.880799 | I47: 0.72039679 | K47: 14.024772 | L47: 0.50702242 | N47: 19.792354 | O47: 0.68438865 | Q47: 28.199209 | R47: 0.80339985 | T47: 37.759602 | U47: 0.83778922 | W47: 14.248835 | X47: 0.59473229 | Z47: 16.410846 | AA47: 1.4775536 | AC47: 37.194885 | AD47: 1.6029707 | AF47: 33.279726 | AG47: 1.4319434 | AI47: 13.114543 | AJ47: 1.3348497 | AL47: m | AM47: m | AO47: m | AP47: m | AR47: m | AS47: m | AU47: m | AV47: m
A48: Kazakhstan | B48: 19.723082 | C48: 0.36224282 | E48: 47.149265 | F48: 0.47542392 | H48: 28.603337 | I48: 0.45258684 | K48: 4.5243157 | L48: 0.21757096 | N48: 18.384041 | O48: 0.58818219 | Q48: 44.598284 | R48: 0.70512006 | T48: 31.868414 | U48: 0.6464671 | W48: 5.1492611 | X48: 0.39136366 | Z48: 20.621087 | AA48: 0.57576189 | AC48: 49.627369 | AD48: 0.68722505 | AF48: 25.837162 | AG48: 0.62156004 | AI48: 3.9143812 | AJ48: 0.30403982 | AL48: 33.000801 | AM48: 3.6758023 | AO48: 48.800693 | AP48: 3.8920239 | AR48: 14.007432 | AS48: 3.0190197 | AU48: 4.1910733 | AV48: 1.6340818
A49: Korea | B49: 14.929393 | C49: 0.50590951 | E49: 39.601637 | F49: 1.0038024 | H49: 36.295365 | I49: 0.981133 | K49: 9.1736052 | L49: 0.54430663 | N49: 12.792314 | O49: 1.926282 | Q49: 37.840822 | R49: 1.8541707 | T49: 38.468045 | U49: 2.4453977 | W49: 10.898819 | X49: 2.2625709 | Z49: 14.59336 | AA49: 0.73270993 | AC49: 39.82173 | AD49: 1.3611763 | AF49: 37.175594 | AG49: 1.229068 | AI49: 8.4093156 | AJ49: 0.59423141 | AL49: 17.262169 | AM49: 1.3792771 | AO49: 40.213244 | AP49: 1.7989338 | AR49: 32.510847 | AS49: 1.6604797 | AU49: 10.013741 | AV49: 1.1272744
A50: Kosovo | B50: 13.103825 | C50: 0.48043086 | E50: 20.748267 | F50: 0.74782512 | H50: 47.119385 | I50: 0.85107537 | K50: 19.028523 | L50: 0.72677673 | N50: 13.690186 | O50: 0.59046373 | Q50: 18.794015 | R50: 0.80185156 | T50: 48.04619 | U50: 0.97836432 | W50: 19.469609 | X50: 0.7615829 | Z50: 10.310426 | AA50: 1.448682 | AC50: 30.006655 | AD50: 2.264845 | AF50: 42.739439 | AG50: 2.9569784 | AI50: 16.94348 | AJ50: 1.9256175 | AL50: c | AM50: c | AO50: c | AP50: c | AR50: c | AS50: c | AU50: c | AV50: c
A51: Latvia* | B51: 13.619107 | C51: 0.5226358 | E51: 45.171058 | F51: 0.68174282 | H51: 35.467684 | I51: 0.73367269 | K51: 5.7421511 | L51: 0.34245068 | N51: 12.581271 | O51: 1.0789381 | Q51: 37.165705 | R51: 1.736749 | T51: 43.129426 | U51: 1.8727957 | W51: 7.1235982 | X51: 0.88452112 | Z51: 13.047518 | AA51: 0.60840157 | AC51: 46.709264 | AD51: 0.79461788 | AF51: 34.668176 | AG51: 0.82203171 | AI51: 5.5750415 | AJ51: 0.40981261 | AL51: 22.976775 | AM51: 2.8569943 | AO51: 53.882241 | AP51: 3.5471087 | AR51: 19.949173 | AS51: 2.6818797 | AU51: 3.1918096 | AV51: 1.3984153
A52: Lithuania | B52: 10.434931 | C52: 0.40122552 | E52: 47.081452 | F52: 0.67021719 | H52: 37.158171 | I52: 0.7323001 | K52: 5.3254456 | L52: 0.28074426 | N52: 12.062635 | O52: 0.89266245 | Q52: 39.395484 | R52: 1.2719298 | T52: 41.561675 | U52: 1.4083086 | W52: 6.9802056 | X52: 0.67456048 | Z52: 9.6030131 | AA52: 0.52422934 | AC52: 49.450628 | AD52: 0.88532576 | AF52: 36.283281 | AG52: 0.9515658 | AI52: 4.6630777 | AJ52: 0.32565084 | AL52: 12.173983 | AM52: 1.8937463 | AO52: 52.576221 | AP52: 3.2567076 | AR52: 29.781432 | AS52: 2.6668278 | AU52: 5.4683645 | AV52: 1.2418792
A53: Macao (China) | B53: 7.376883 | C53: 0.39439635 | E53: 33.454506 | F53: 0.74080552 | H53: 47.926567 | I53: 0.71946303 | K53: 11.242045 | L53: 0.41236514 | N53: 5.5662659 | O53: 1.3175748 | Q53: 32.661005 | R53: 2.5304349 | T53: 50.472092 | U53: 3.0332597 | W53: 11.300637 | X53: 2.2715455 | Z53: 6.8961559 | AA53: 0.49562271 | AC53: 33.668813 | AD53: 0.98689126 | AF53: 48.442294 | AG53: 1.0257294 | AI53: 10.992738 | AJ53: 0.64248943 | AL53: 8.9674495 | AM53: 0.86788537 | AO53: 33.222911 | AP53: 1.5754449 | AR53: 46.029723 | AS53: 1.7965337 | AU53: 11.779917 | AV53: 0.96231669
A54: Malaysia | B54: 9.5288598 | C54: 0.38597109 | E54: 28.593244 | F54: 0.67416039 | H54: 54.696413 | I54: 0.74929676 | K54: 7.1814834 | L54: 0.38899994 | N54: 10.05917 | O54: 0.56763472 | Q54: 26.32343 | R54: 0.8315831 | T54: 56.112028 | U54: 1.0453977 | W54: 7.5053717 | X54: 0.50974771 | Z54: 8.2198274 | AA54: 0.55735254 | AC54: 31.275837 | AD54: 1.1413708 | AF54: 53.720941 | AG54: 1.1542646 | AI54: 6.7833947 | AJ54: 0.5910405 | AL54: 29.702229 | AM54: 5.7424123 | AO54: 45.095262 | AP54: 6.8251754 | AR54: 19.81825 | AS54: 6.3646667 | AU54: 5.3842596 | AV54: 3.3741611
A55: Malta | B55: 13.981509 | C55: 0.58988516 | E55: 35.514857 | F55: 1.002505 | H55: 38.516962 | I55: 0.98161824 | K55: 11.986672 | L55: 0.68159597 | N55: 11.189404 | O55: 1.3318739 | Q55: 25.56734 | R55: 1.896159 | T55: 48.23576 | U55: 2.2603666 | W55: 15.007496 | X55: 1.5219678 | Z55: 14.468386 | AA55: 0.88339112 | AC55: 39.634769 | AD55: 1.3143017 | AF55: 35.152157 | AG55: 1.1644358 | AI55: 10.744688 | AJ55: 0.82090911 | AL55: 20.470063 | AM55: 3.0023664 | AO55: 39.769721 | AP55: 3.8420618 | AR55: 29.146798 | AS55: 3.9994853 | AU55: 10.613417 | AV55: 2.6368927
A56: Mexico | B56: 11.816812 | C56: 0.47648393 | E56: 29.747805 | F56: 0.6411231 | H56: 49.392588 | I56: 0.76438803 | K56: 9.0427955 | L56: 0.45535038 | N56: 10.348129 | O56: 0.54231781 | Q56: 25.264696 | R56: 0.90427907 | T56: 54.697813 | U56: 1.0502551 | W56: 9.6893625 | X56: 0.64234177 | Z56: 14.463891 | AA56: 0.91962006 | AC56: 37.78235 | AD56: 1.2549168 | AF56: 39.9194 | AG56: 1.5363032 | AI56: 7.8343598 | AJ56: 0.57625876 | AL56: c | AM56: c | AO56: c | AP56: c | AR56: c | AS56: c | AU56: c | AV56: c
A57: Moldova | B57: 8.4781242 | C57: 0.40877506 | E57: 25.545278 | F57: 0.5657892 | H57: 55.80024 | I57: 0.72816859 | K57: 10.176358 | L57: 0.4198183 | N57: 10.180034 | O57: 0.61051349 | Q57: 24.815066 | R57: 0.90215588 | T57: 55.849302 | U57: 1.0199952 | W57: 9.1555975 | X57: 0.60834166 | Z57: 6.3347796 | AA57: 0.58118733 | AC57: 26.553052 | AD57: 0.88854368 | AF57: 56.166342 | AG57: 1.0273375 | AI57: 10.945826 | AJ57: 0.67177573 | AL57: 12.333224 | AM57: 5.4217332 | AO57: 20.967949 | AP57: 5.2360364 | AR57: 41.493933 | AS57: 7.0398021 | AU57: 25.204894 | AV57: 4.6927953
A58: Mongolia | B58: 19.065176 | C58: 0.43440339 | E58: 26.283359 | F58: 0.58309489 | H58: 41.006753 | I58: 0.68876589 | K58: 13.644712 | L58: 0.46762918 | N58: 19.638047 | O58: 0.7716354 | Q58: 20.581199 | R58: 0.7619977 | T58: 46.092629 | U58: 0.97331997 | W58: 13.688124 | X58: 0.70915786 | Z58: 18.12119 | AA58: 0.74473822 | AC58: 31.116508 | AD58: 0.86374884 | AF58: 37.090776 | AG58: 1.0409029 | AI58: 13.671526 | AJ58: 0.67606713 | AL58: 26.606438 | AM58: 4.3274346 | AO58: 44.241973 | AP58: 4.5325685 | AR58: 16.963522 | AS58: 4.14471 | AU58: 12.188067 | AV58: 2.7926359
A59: Montenegro | B59: 15.712497 | C59: 0.52368556 | E59: 31.788244 | F59: 0.65326494 | H59: 39.228453 | I59: 0.67785927 | K59: 13.270807 | L59: 0.49437492 | N59: 17.214114 | O59: 0.73098592 | Q59: 28.771748 | R59: 0.95528712 | T59: 40.897735 | U59: 0.98438437 | W59: 13.116403 | X59: 0.72437067 | Z59: 13.844211 | AA59: 0.88888468 | AC59: 35.379758 | AD59: 1.1331043 | AF59: 37.326589 | AG59: 1.1592948 | AI59: 13.449441 | AJ59: 0.78738641 | AL59: 13.072394 | AM59: 7.5776259 | AO59: 43.114532 | AP59: 9.1048223 | AR59: 29.721706 | AS59: 8.5458424 | AU59: 14.091368 | AV59: 5.5494416
A60: Morocco | B60: 18.319619 | C60: 0.65226173 | E60: 30.207207 | F60: 0.71860825 | H60: 41.804088 | I60: 0.79576743 | K60: 9.6690861 | L60: 0.41256873 | N60: 18.784342 | O60: 0.75200799 | Q60: 28.704745 | R60: 0.73960527 | T60: 42.365204 | U60: 0.89002252 | W60: 10.14571 | X60: 0.51138981 | Z60: 16.528792 | AA60: 1.374714 | AC60: 35.973311 | AD60: 1.7383723 | AF60: 39.658427 | AG60: 1.8703121 | AI60: 7.83947 | AJ60: 0.8207857 | AL60: m | AM60: m | AO60: m | AP60: m | AR60: m | AS60: m | AU60: m | AV60: m
A61: Netherlands* | B61: 7.5508579 | C61: 0.4044589 | E61: 33.598304 | F61: 0.83385726 | H61: 49.679265 | I61: 0.86843584 | K61: 9.1715736 | L61: 0.46432364 | N61: 9.7040547 | O61: 1.1784509 | P61: † | Q61: 27.254138 | R61: 1.9108144 | S61: † | T61: 52.193653 | U61: 2.0984415 | V61: † | W61: 10.848154 | X61: 1.3479899 | Y61: † | Z61: 6.7691459 | AA61: 0.47091026 | AC61: 33.936354 | AD61: 1.1440654 | AF61: 50.985453 | AG61: 1.138815 | AI61: 8.3090462 | AJ61: 0.55105036 | AL61: 7.5884404 | AM61: 1.0836381 | AO61: 40.54487 | AP61: 2.0634199 | AR61: 41.756853 | AS61: 1.9437722 | AU61: 10.109837 | AV61: 1.3020302
A62: New Zealand* | B62: 17.310377 | C62: 0.53025264 | E62: 47.798199 | F62: 0.77312129 | H62: 30.374567 | I62: 0.78594758 | K62: 4.5168568 | L62: 0.34265215 | N62: 11.669905 | O62: 1.1073658 | Q62: 35.840164 | R62: 1.6208125 | T62: 44.943038 | U62: 1.8067279 | W62: 7.5468939 | X62: 1.0414143 | Z62: 17.91407 | AA62: 0.80708775 | AC62: 51.321781 | AD62: 0.93536217 | AF62: 27.200294 | AG62: 0.94839008 | AI62: 3.5638553 | AJ62: 0.40171616 | AL62: 26.266343 | AM62: 2.3387926 | AO62: 54.258441 | AP62: 3.1270981 | AR62: 16.245122 | AS62: 2.5745095 | AU62: 3.2300942 | AV62: 0.90175076
A63: North Macedonia | B63: 12.292838 | C63: 0.48453103 | E63: 27.684985 | F63: 0.62548525 | H63: 44.46561 | I63: 0.65393516 | K63: 15.556567 | L63: 0.44918282 | N63: 12.832419 | O63: 0.62997236 | P63: † | Q63: 22.706997 | R63: 0.83548377 | S63: † | T63: 47.029287 | U63: 0.95631938 | V63: † | W63: 17.431296 | X63: 0.68277401 | Y63: † | Z63: 11.301484 | AA63: 0.88496709 | AC63: 35.572596 | AD63: 1.2145525 | AF63: 40.467218 | AG63: 1.2202077 | AI63: 12.658703 | AJ63: 0.91589076 | AL63: 17.995776 | AM63: 7.1996276 | AO63: 36.188487 | AP63: 9.912664 | AR63: 37.218644 | AS63: 9.7057509 | AU63: 8.5970937 | AV63: 5.3479117
A64: Norway | B64: 15.667461 | C64: 0.56221417 | E64: 43.051533 | F64: 0.74971158 | H64: 33.883693 | I64: 0.61321742 | K64: 7.3973128 | L64: 0.34591997 | N64: 15.190597 | O64: 1.092969 | P64: † | Q64: 34.699625 | R64: 1.2361701 | S64: † | T64: 39.57991 | U64: 1.3630055 | V64: † | W64: 10.529868 | X64: 0.85315616 | Y64: † | Z64: 15.139775 | AA64: 0.7035692 | AC64: 45.835474 | AD64: 0.93215231 | AF64: 32.750461 | AG64: 0.74954516 | AI64: 6.2742895 | AJ64: 0.43822221 | AL64: 21.730387 | AM64: 2.2812788 | AO64: 48.952632 | AP64: 3.0793704 | AR64: 23.480466 | AS64: 2.030136 | AU64: 5.836515 | AV64: 1.0579508
A65: Palestinian Authority | B65: 14.88217 | C65: 0.52863585 | E65: 25.632824 | F65: 0.67022483 | H65: 44.391191 | I65: 0.71674412 | K65: 15.093815 | L65: 0.50011435 | N65: 15.554217 | O65: 0.60652193 | Q65: 23.924403 | R65: 0.75966935 | T65: 45.586427 | U65: 0.8368951 | W65: 14.934954 | X65: 0.60108417 | Z65: 12.575036 | AA65: 1.1233095 | AC65: 31.467262 | AD65: 1.5896459 | AF65: 40.259424 | AG65: 1.7060199 | AI65: 15.698278 | AJ65: 1.1241507 | AL65: c | AM65: c | AO65: c | AP65: c | AR65: c | AS65: c | AU65: c | AV65: c
A66: Panama* | B66: 13.406137 | C66: 0.66822847 | D66: † | E66: 26.130571 | F66: 0.9070789 | G66: † | H66: 44.820288 | I66: 1.0353117 | J66: † | K66: 15.643004 | L66: 0.77729952 | M66: † | N66: 11.884977 | O66: 0.74176886 | P66: † | Q66: 23.172513 | R66: 1.0237142 | S66: † | T66: 47.785099 | U66: 1.1702763 | V66: † | W66: 17.157411 | X66: 0.91745234 | Y66: † | Z66: 19.051543 | AA66: 2.0170258 | AC66: 37.405198 | AD66: 2.3076221 | AF66: 33.6677 | AG66: 2.3495217 | AI66: 9.8755593 | AJ66: 1.8158945 | AL66: m | AM66: m | AO66: m | AP66: m | AR66: m | AS66: m | AU66: m | AV66: m
A67: Paraguay | B67: m | C67: m | E67: m | F67: m | H67: m | I67: m | K67: m | L67: m | N67: m | O67: m | Q67: m | R67: m | T67: m | U67: m | W67: m | X67: m | Z67: m | AA67: m | AC67: m | AD67: m | AF67: m | AG67: m | AI67: m | AJ67: m | AL67: m | AM67: m | AO67: m | AP67: m | AR67: m | AS67: m | AU67: m | AV67: m
A68: Peru | B68: 10.756739 | C68: 0.37802599 | E68: 32.859099 | F68: 0.66586709 | H68: 48.551558 | I68: 0.69939016 | K68: 7.8326041 | L68: 0.39337552 | N68: 8.2664086 | O68: 0.51280812 | Q68: 27.759406 | R68: 0.91236018 | T68: 55.75606 | U68: 0.89329959 | W68: 8.2181254 | X68: 0.52399376 | Z68: 14.739291 | AA68: 0.82603667 | AC68: 41.128021 | AD68: 1.3934395 | AF68: 36.896576 | AG68: 1.3061591 | AI68: 7.2361121 | AJ68: 0.62122779 | AL68: 25.162207 | AM68: 8.6235402 | AO68: 54.572767 | AP68: 11.007105 | AR68: 16.13341 | AS68: 7.7449506 | AU68: 4.1316161 | AV68: 4.792959
A69: Philippines | B69: 8.8675739 | C69: 0.39263028 | E69: 26.482268 | F69: 0.64646341 | H69: 56.843439 | I69: 0.64868048 | K69: 7.8067192 | L69: 0.29792153 | N69: 8.5348128 | O69: 0.42585824 | Q69: 24.242703 | R69: 0.69477662 | T69: 59.764048 | U69: 0.71839435 | W69: 7.4584353 | X69: 0.33263876 | Z69: 10.443273 | AA69: 1.0967579 | AC69: 37.663336 | AD69: 1.598554 | AF69: 42.305132 | AG69: 1.6412226 | AI69: 9.5882587 | AJ69: 1.0734739 | AL69: m | AM69: m | AO69: m | AP69: m | AR69: m | AS69: m | AU69: m | AV69: m
A70: Poland | B70: 12.234223 | C70: 0.51878271 | E70: 41.139615 | F70: 0.77896707 | H70: 36.937595 | I70: 0.6984871 | K70: 9.6885669 | L70: 0.37881033 | N70: 17.495675 | O70: 1.4410891 | Q70: 35.073111 | R70: 1.7041836 | T70: 38.454392 | U70: 2.0515531 | W70: 8.976822 | X70: 1.0645714 | Z70: 10.952824 | AA70: 0.56228941 | AC70: 43.014023 | AD70: 0.95664681 | AF70: 36.727853 | AG70: 0.86819872 | AI70: 9.3052994 | AJ70: 0.43914942 | AL70: 10.444353 | AM70: 1.3526354 | AO70: 40.497311 | AP70: 2.2201357 | AR70: 35.291927 | AS70: 2.2615987 | AU70: 13.766409 | AV70: 1.5643298
A71: Portugal | B71: 10.395487 | C71: 0.35712269 | E71: 43.772588 | F71: 0.52413523 | H71: 37.370402 | I71: 0.54336262 | K71: 8.4615237 | L71: 0.40521068 | N71: 8.0525675 | O71: 0.66469966 | Q71: 31.013949 | R71: 1.1251414 | T71: 48.760098 | U71: 1.338706 | W71: 12.173386 | X71: 1.0436618 | Z71: 11.147282 | AA71: 0.50065752 | AC71: 48.322701 | AD71: 0.73451464 | AF71: 33.57211 | AG71: 0.77209168 | AI71: 6.9579069 | AJ71: 0.44624651 | AL71: 12.761828 | AM71: 2.1431644 | AO71: 52.339678 | AP71: 3.0775374 | AR71: 27.26071 | AS71: 2.3129061 | AU71: 7.6377836 | AV71: 1.7931515
A72: Qatar | B72: 15.553719 | C72: 0.49394159 | E72: 29.693389 | F72: 0.70085533 | H72: 40.029836 | I72: 0.77638826 | K72: 14.723056 | L72: 0.47769542 | N72: 15.804646 | O72: 0.6668634 | P72: † | Q72: 23.448702 | R72: 1.0044075 | S72: † | T72: 44.457415 | U72: 1.2158012 | V72: † | W72: 16.289236 | X72: 0.80100592 | Y72: † | Z72: 14.6925 | AA72: 0.87835475 | AC72: 34.908374 | AD72: 1.20036 | AF72: 36.676439 | AG72: 1.0778362 | AI72: 13.722687 | AJ72: 0.7942328 | AL72: 23.506324 | AM72: 4.2434676 | AO72: 52.191252 | AP72: 5.6391015 | AR72: 19.423948 | AS72: 4.7495378 | AU72: 4.8784758 | AV72: 1.806701
A73: Romania | B73: 11.269374 | C73: 0.37905784 | E73: 31.561342 | F73: 0.69791188 | H73: 45.97097 | I73: 0.66427321 | K73: 11.198315 | L73: 0.45834913 | N73: 11.512278 | O73: 0.65764708 | Q73: 23.83676 | R73: 0.83613486 | T73: 52.71293 | U73: 0.9176089 | W73: 11.938032 | X73: 0.73443916 | Z73: 10.939303 | AA73: 0.56468301 | AC73: 37.430732 | AD73: 0.92023217 | AF73: 41.023234 | AG73: 1.0691576 | AI73: 10.606731 | AJ73: 0.69454382 | AL73: 12.616134 | AM73: 2.6037722 | AO73: 43.248148 | AP73: 3.9041496 | AR73: 33.728825 | AS73: 3.3466239 | AU73: 10.406894 | AV73: 2.1685261
A74: Saudi Arabia | B74: 14.329836 | C74: 0.56149554 | E74: 26.446586 | F74: 0.53859372 | H74: 41.156633 | I74: 0.67814543 | K74: 18.066945 | L74: 0.46404818 | N74: 14.189111 | O74: 0.63783557 | Q74: 24.498396 | R74: 0.72005162 | T74: 43.200035 | U74: 0.83731741 | W74: 18.112458 | X74: 0.61482112 | Z74: 14.606591 | AA74: 1.0581125 | AC74: 30.530398 | AD74: 1.3049061 | AF74: 36.835591 | AG74: 1.3336259 | AI74: 18.02742 | AJ74: 1.0249332 | AL74: c | AM74: c | AO74: c | AP74: c | AR74: c | AS74: c | AU74: c | AV74: c
A75: Serbia | B75: 13.652651 | C75: 0.55633255 | E75: 37.612443 | F75: 0.70205736 | H75: 37.992286 | I75: 0.87368139 | K75: 10.74262 | L75: 0.39528048 | N75: 14.349676 | O75: 0.82195496 | Q75: 32.777899 | R75: 1.1134049 | T75: 41.846955 | U75: 1.3343818 | W75: 11.025469 | X75: 0.70525071 | Z75: 13.097923 | AA75: 0.72673732 | AC75: 40.959731 | AD75: 0.93637152 | AF75: 35.48131 | AG75: 1.0552587 | AI75: 10.461036 | AJ75: 0.62548248 | AL75: 14.359167 | AM75: 2.9305862 | AO75: 39.590903 | AP75: 4.0963667 | AR75: 34.260355 | AS75: 4.0584663 | AU75: 11.789575 | AV75: 2.5660959
A76: Singapore | B76: 19.379181 | C76: 0.5517359 | E76: 41.490117 | F76: 0.54236354 | H76: 30.633554 | I76: 0.65650201 | K76: 8.4971487 | L76: 0.34561951 | N76: 10.029878 | O76: 1.5260868 | Q76: 26.296379 | R76: 2.4024708 | T76: 50.250955 | U76: 2.7584047 | W76: 13.422788 | X76: 1.6034594 | Z76: 18.488495 | AA76: 0.7742775 | AC76: 41.268361 | AD76: 0.9531594 | AF76: 32.303672 | AG76: 1.0529369 | AI76: 7.9394716 | AJ76: 0.53242388 | AL76: 22.308375 | AM76: 0.87242603 | AO76: 44.717055 | AP76: 1.080164 | AR76: 24.736017 | AS76: 0.93333177 | AU76: 8.2385531 | AV76: 0.56734426
A77: Slovak Republic | B77: 13.340351 | C77: 0.4550626 | E77: 42.762882 | F77: 0.68262466 | H77: 36.415396 | I77: 0.82425004 | K77: 7.4813703 | L77: 0.36271878 | N77: 17.754939 | O77: 1.13453 | Q77: 33.688349 | R77: 1.55829 | T77: 41.064629 | U77: 1.584354 | W77: 7.4920835 | X77: 0.79555686 | Z77: 11.360889 | AA77: 0.60572398 | AC77: 46.118527 | AD77: 1.0731842 | AF77: 35.130812 | AG77: 1.1290494 | AI77: 7.3897713 | AJ77: 0.50304741 | AL77: 12.714798 | AM77: 1.8383813 | AO77: 49.68411 | AP77: 3.0589104 | AR77: 29.452988 | AS77: 2.7244448 | AU77: 8.148104 | AV77: 1.398677
A78: Slovenia | B78: 11.539167 | C78: 0.49180643 | E78: 40.600275 | F78: 0.78690155 | H78: 39.313454 | I78: 0.74948437 | K78: 8.5471034 | L78: 0.50473874 | N78: 12.248216 | O78: 1.0874108 | Q78: 34.178212 | R78: 1.7120326 | T78: 42.22448 | U78: 1.5109291 | W78: 11.349091 | X78: 1.2216217 | Z78: 10.984616 | AA78: 0.63736576 | AC78: 41.08435 | AD78: 1.008431 | AF78: 39.944957 | AG78: 0.95270944 | AI78: 7.986076 | AJ78: 0.60353666 | AL78: 13.723821 | AM78: 2.4359565 | AO78: 51.784905 | AP78: 3.073591 | AR78: 28.439223 | AS78: 2.7273217 | AU78: 6.0520516 | AV78: 1.6112008
A79: Spain | B79: 13.17155 | C79: 0.26532967 | E79: 39.695155 | F79: 0.50363662 | H79: 37.600758 | I79: 0.45457772 | K79: 9.5325374 | L79: 0.26857806 | N79: 14.11823 | O79: 0.67668195 | Q79: 31.426714 | R79: 0.97854935 | T79: 42.3316 | U79: 1.0596987 | W79: 12.123456 | X79: 0.65220818 | Z79: 12.70232 | AA79: 0.3780851 | AC79: 42.254453 | AD79: 0.62317639 | AF79: 36.464599 | AG79: 0.56953125 | AI79: 8.578628 | AJ79: 0.32829438 | AL79: 14.433046 | AM79: 1.8640345 | AO79: 45.438653 | AP79: 1.8381328 | AR79: 30.758811 | AS79: 1.6564838 | AU79: 9.3694899 | AV79: 1.1131202
A80: Sweden | B80: 23.321228 | C80: 0.65646805 | E80: 47.12801 | F80: 0.79639272 | H80: 24.453779 | I80: 0.60041628 | K80: 5.0969833 | L80: 0.3077738 | N80: 24.143563 | O80: 1.6088304 | Q80: 39.869461 | R80: 1.5553034 | T80: 29.129561 | U80: 1.534223 | W80: 6.8574145 | X80: 0.75652805 | Z80: 22.732371 | AA80: 0.82177851 | AC80: 49.209404 | AD80: 1.0198916 | AF80: 23.558875 | AG80: 0.83013742 | AI80: 4.4993504 | AJ80: 0.38142928 | AL80: 25.110068 | AM80: 2.2708074 | AO80: 50.278834 | AP80: 2.8529276 | AR80: 19.71195 | AS80: 2.1907289 | AU80: 4.8991476 | AV80: 0.94529088
A81: Switzerland | B81: 17.359263 | C81: 0.52757877 | E81: 43.781079 | F81: 0.86549638 | H81: 30.213086 | I81: 0.70827817 | K81: 8.6465724 | L81: 0.43543152 | N81: 18.733815 | O81: 1.5395195 | Q81: 36.442313 | R81: 1.9078393 | T81: 33.963419 | U81: 1.7695308 | W81: 10.860453 | X81: 1.1861293 | Z81: 17.276812 | AA81: 0.70911463 | AC81: 45.143186 | AD81: 1.1260225 | AF81: 29.766146 | AG81: 0.93285317 | AI81: 7.8138561 | AJ81: 0.52080126 | AL81: 16.37148 | AM81: 1.4338712 | AO81: 45.624393 | AP81: 1.7944141 | AR81: 28.341936 | AS81: 1.5001737 | AU81: 9.6621905 | AV81: 1.2624809
A82: Chinese Taipei | B82: 12.811196 | C82: 0.61537917 | E82: 42.115603 | F82: 0.74667501 | H82: 36.529978 | I82: 0.81099535 | K82: 8.5432234 | L82: 0.45806991 | N82: 12.218682 | O82: 1.2789413 | Q82: 33.846624 | R82: 2.0447895 | T82: 42.52178 | U82: 2.2802598 | W82: 11.412913 | X82: 1.7060897 | Z82: 12.410938 | AA82: 0.77388561 | AC82: 45.123148 | AD82: 1.0951386 | AF82: 34.773834 | AG82: 1.1517427 | AI82: 7.6920803 | AJ82: 0.49158438 | AL82: 13.748349 | AM82: 1.0974077 | AO82: 40.739213 | AP82: 1.4694545 | AR82: 36.81457 | AS82: 1.5896268 | AU82: 8.6978676 | AV82: 0.87178126
A83: Thailand | B83: 10.892522 | C83: 0.49552646 | E83: 37.294386 | F83: 0.66159419 | H83: 45.435947 | I83: 0.81890554 | K83: 6.3771455 | L83: 0.30683307 | N83: 9.6514994 | O83: 0.55227135 | Q83: 33.386025 | R83: 0.91108197 | T83: 49.87179 | U83: 1.0224309 | W83: 7.0906855 | X83: 0.41838856 | Z83: 13.072349 | AA83: 0.86006494 | AC83: 45.425387 | AD83: 1.5171598 | AF83: 36.622843 | AG83: 1.5601481 | AI83: 4.8794204 | AJ83: 0.56676099 | AL83: 25.033215 | AM83: 4.7958041 | AO83: 45.271089 | AP83: 7.2611722 | AR83: 24.34339 | AS83: 5.0577274 | AU83: 5.3523069 | AV83: 3.519387
A84: Türkiye | B84: 14.767105 | C84: 0.47128829 | E84: 33.35343 | F84: 0.66884733 | H84: 38.405487 | I84: 0.59827489 | K84: 13.473978 | L84: 0.48242516 | N84: 15.894321 | O84: 0.8215587 | Q84: 28.811534 | R84: 1.0337567 | T84: 40.576708 | U84: 1.0042916 | W84: 14.717437 | X84: 0.82463989 | Z84: 14.178113 | AA84: 0.67906995 | AC84: 36.33467 | AD84: 0.88011295 | AF84: 37.065482 | AG84: 0.89866128 | AI84: 12.421735 | AJ84: 0.62746906 | AL84: 12.969682 | AM84: 2.4866544 | AO84: 34.444283 | AP84: 3.2170425 | AR84: 37.015966 | AS84: 2.9196877 | AU84: 15.57007 | AV84: 2.4087391
A85: Ukrainian regions (18 of 27) | B85: 19.961206 | C85: 0.70935141 | E85: 39.274732 | F85: 1.0180391 | H85: 33.161969 | I85: 0.93064113 | K85: 7.6020925 | L85: 0.61928008 | N85: 17.515477 | O85: 1.5039354 | Q85: 33.486304 | R85: 1.9166285 | T85: 42.134643 | U85: 1.7745822 | W85: 6.8635756 | X85: 0.96230675 | Z85: 21.038066 | AA85: 1.0840515 | AC85: 43.572588 | AD85: 1.2909026 | AF85: 27.16898 | AG85: 1.3129964 | AI85: 8.2203651 | AJ85: 0.82946177 | AL85: 30.730675 | AM85: 5.1068286 | AO85: 38.98859 | AP85: 4.8010489 | AR85: 23.710765 | AS85: 4.9925706 | AU85: 6.56997 | AV85: 3.2608105
A86: United Arab Emirates | B86: 17.760383 | C86: 0.23784016 | E86: 31.803816 | F86: 0.38257062 | H86: 37.010398 | I86: 0.41105475 | K86: 13.425403 | L86: 0.33191109 | N86: 15.458108 | O86: 0.46019107 | Q86: 24.014534 | R86: 0.58202072 | T86: 43.548373 | U86: 0.61398301 | W86: 16.978985 | X86: 0.48401466 | Z86: 18.247328 | AA86: 0.52342163 | AC86: 36.984285 | AD86: 0.61965878 | AF86: 33.528177 | AG86: 0.64434989 | AI86: 11.24021 | AJ86: 0.42247094 | AL86: 30.716327 | AM86: 1.8561909 | AO86: 47.328955 | AP86: 1.8686223 | AR86: 17.042717 | AS86: 1.6957176 | AU86: 4.912002 | AV86: 0.82288122
A87: United Kingdom* | B87: 15.176423 | C87: 0.55315572 | E87: 48.444191 | F87: 0.73471752 | H87: 30.293436 | I87: 0.73859068 | K87: 6.0859496 | L87: 0.33216649 | N87: 10.757818 | O87: 1.1923995 | P87: † | Q87: 36.02399 | R87: 1.4524652 | S87: † | T87: 43.88527 | U87: 1.4342469 | V87: † | W87: 9.3329225 | X87: 0.96211938 | Y87: † | Z87: 15.540265 | AA87: 0.67127896 | AC87: 51.099907 | AD87: 0.9718194 | AF87: 27.818765 | AG87: 0.9055636 | AI87: 5.541063 | AJ87: 0.40659013 | AL87: 20.788205 | AM87: 1.8720663 | AO87: 56.110956 | AP87: 2.1161217 | AR87: 19.76006 | AS87: 2.0385548 | AU87: 3.3407798 | AV87: 0.67025859
A88: United States* | B88: 22.409546 | C88: 0.74905221 | E88: 47.372569 | F88: 0.84743705 | H88: 23.823648 | I88: 0.69730047 | K88: 6.3942378 | L88: 0.50923405 | N88: 14.65143 | O88: 1.0480825 | Q88: 38.365747 | R88: 1.641293 | T88: 34.842515 | U88: 1.4578021 | W88: 12.140308 | X88: 1.1604013 | Z88: 25.108235 | AA88: 1.1685259 | AC88: 51.675665 | AD88: 1.1460453 | AF88: 19.335616 | AG88: 0.95136841 | AI88: 3.8804849 | AJ88: 0.55819919 | AL88: 33.596642 | AM88: 2.9452622 | AO88: 51.519141 | AP88: 2.9478184 | AR88: 12.877606 | AS88: 2.3412588 | AU88: 2.0066111 | AV88: 1.0040207
A89: Uruguay | B89: 13.753292 | C89: 0.44303383 | E89: 38.355245 | F89: 0.74646283 | H89: 40.434696 | I89: 0.73421832 | K89: 7.4567675 | L89: 0.39992229 | N89: 12.66052 | O89: 0.75448313 | P89: † | Q89: 31.926879 | R89: 1.0545136 | S89: † | T89: 46.422336 | U89: 1.023109 | V89: † | W89: 8.9902656 | X89: 0.64652437 | Y89: † | Z89: 14.565907 | AA89: 0.77825032 | AC89: 44.874853 | AD89: 1.1271865 | AF89: 34.638968 | AG89: 1.0474814 | AI89: 5.9202714 | AJ89: 0.58395427 | AL89: 26.773974 | AM89: 7.9989299 | AO89: 44.752765 | AP89: 8.2130469 | AR89: 23.279494 | AS89: 6.7347273 | AU89: 5.1937674 | AV89: 3.3472899
A90: Uzbekistan | B90: 21.561488 | C90: 0.55268259 | E90: 30.703129 | F90: 0.62058324 | H90: 35.384109 | I90: 0.69505803 | K90: 12.351274 | L90: 0.47513029 | N90: 21.713135 | O90: 0.59313562 | Q90: 29.69178 | R90: 0.6770679 | T90: 35.429301 | U90: 0.74786978 | W90: 13.165784 | X90: 0.56438325 | Z90: 20.963318 | AA90: 1.4744747 | AC90: 34.364915 | AD90: 1.5478364 | AF90: 35.311595 | AG90: 1.9245124 | AI90: 9.3601717 | AJ90: 0.8486651 | AL90: c | AM90: c | AO90: c | AP90: c | AR90: c | AS90: c | AU90: c | AV90: c
A91: Viet Nam | B91: m | C91: m | E91: m | F91: m | H91: m | I91: m | K91: m | L91: m | N91: m | O91: m | Q91: m | R91: m | T91: m | U91: m | W91: m | X91: m | Z91: m | AA91: m | AC91: m | AD91: m | AF91: m | AG91: m | AI91: m | AJ91: m | AL91: m | AM91: m | AO91: m | AP91: m | AR91: m | AS91: m | AU91: m | AV91: m
A93: Information on data for Cyprus: https://oe.cd/cyprus-disclaimer

Sheet Table B.2
A1: Table B.2
A2: Growth mindset, by level of performance in reading
A3: Based on students' reports
B6: Percentage of students who report "Your intelligence is something about you that you cannot change very much" by level of performance in reading:
B7: All students | N7: Students who scored below Level 2 (low-performers) | Z7: Students who scored at Level 2, 3 or 4 | AL7: Students who scored at Level 5 or above (top-performers)
B8: Strongly disagree | E8: Disagree | H8: Agree | K8: Strongly agree | N8: Strongly disagree | Q8: Disagree | T8: Agree | W8: Strongly agree | Z8: Strongly disagree | AC8: Disagree | AF8: Agree | AI8: Strongly agree | AL8: Strongly disagree | AO8: Disagree | AR8: Agree | AU8: Strongly agree
B9: % | C9: S.E. | E9: % | F9: S.E. | H9: % | I9: S.E. | K9: % | L9: S.E. | N9: % | O9: S.E. | Q9: % | R9: S.E. | T9: % | U9: S.E. | W9: % | X9: S.E. | Z9: % | AA9: S.E. | AC9: % | AD9: S.E. | AF9: % | AG9: S.E. | AI9: % | AJ9: S.E. | AL9: % | AM9: S.E. | AO9: % | AP9: S.E. | AR9: % | AS9: S.E. | AU9: % | AV9: S.E.
A10: OECD average | B10: 14.99507 | C10: 0.085555231 | E10: 42.812246 | F10: 0.12074771 | H10: 34.605658 | I10: 0.11539495 | K10: 7.5870262 | L10: 0.064380282 | N10: 14.391423 | O10: 0.20860069 | Q10: 33.501734 | R10: 0.29111019 | T10: 41.837107 | U10: 0.29448849 | W10: 10.269736 | X10: 0.17766319 | Z10: 15.795031 | AA10: 0.14823076 | AC10: 47.562068 | AD10: 0.20410254 | AF10: 30.28143 | AG10: 0.18876098 | AI10: 6.3614715 | AJ10: 0.098232593 | AL10: 18.628813 | AM10: 0.607267 | AO10: 50.611165 | AP10: 0.7770391 | AR10: 24.725731 | AS10: 0.60375864 | AU10: 6.0342916 | AV10: 0.36920434
A11: Albania | B11: 13.070758 | C11: 0.61794282 | D11: † | E11: 17.624265 | F11: 0.6628784 | G11: † | H11: 47.911187 | I11: 0.87300279 | J11: † | K11: 21.393791 | L11: 0.67688567 | M11: † | N11: 14.70772 | O11: 0.76456481 | P11: † | Q11: 15.60821 | R11: 0.83767016 | S11: † | T11: 48.694594 | U11: 1.1083444 | V11: † | W11: 20.989476 | X11: 0.95821162 | Y11: † | Z11: 9.6807121 | AA11: 1.9740436 | AC11: 27.859347 | AD11: 2.7437595 | AF11: 40.606838 | AG11: 3.3054826 | AI11: 21.853103 | AJ11: 3.2131626 | AL11: c | AM11: c | AO11: c | AP11: c | AR11: c | AS11: c | AU11: c | AV11: c
A12: Argentina | B12: 16.774773 | C12: 0.54619744 | D12: † | E12: 31.502716 | F12: 0.86068867 | G12: † | H12: 41.16754 | I12: 0.70309417 | J12: † | K12: 10.554972 | L12: 0.43780089 | M12: † | N12: 15.846938 | O12: 0.88680247 | P12: † | Q12: 22.413948 | R12: 1.1582545 | S12: † | T12: 48.611269 | U12: 1.2688574 | V12: † | W12: 13.127845 | X12: 0.83370491 | Y12: † | Z12: 20.139661 | AA12: 1.1065721 | AC12: 43.876167 | AD12: 1.3637212 | AF12: 28.132514 | AG12: 1.255003 | AI12: 7.8516573 | AJ12: 0.8251753 | AL12: 21.144653 | AM12: 5.4267234 | AO12: 51.069429 | AP12: 7.0051837 | AR12: 22.156792 | AS12: 6.1937748 | AU12: 5.6291264 | AV12: 3.1431273
A13: Australia* | B13: 16.284703 | C13: 0.37698462 | E13: 49.457514 | F13: 0.49489435 | H13: 29.105842 | I13: 0.44042055 | K13: 5.1519418 | L13: 0.20562228 | N13: 9.2270827 | O13: 0.73990521 | Q13: 35.76094 | R13: 1.264754 | T13: 46.390703 | U13: 1.4291721 | W13: 8.6212742 | X13: 0.78347521 | Z13: 18.427051 | AA13: 0.64808046 | AC13: 54.640291 | AD13: 0.93337056 | AF13: 22.867569 | AG13: 0.79060761 | AI13: 4.0650892 | AJ13: 0.31625647 | AL13: 26.500898 | AM13: 1.4584208 | AO13: 58.006359 | AP13: 1.8853553 | AR13: 13.118788 | AS13: 1.2608833 | AU13: 2.3739554 | AV13: 0.52943944
A14: Austria | B14: 28.647169 | C14: 0.71055727 | E14: 42.816582 | F14: 0.74749885 | H14: 20.866668 | I14: 0.62291582 | K14: 7.669581 | L14: 0.38452867 | N14: 26.030412 | O14: 1.4242144 | Q14: 33.252643 | R14: 1.4639675 | T14: 28.865228 | U14: 1.5858139 | W14: 11.851717 | X14: 1.1307493 | Z14: 30.368845 | AA14: 1.0715276 | AC14: 46.136409 | AD14: 1.1614128 | AF14: 17.904861 | AG14: 0.86698115 | AI14: 5.5898848 | AJ14: 0.55803089 | AL14: 29.783993 | AM14: 2.8745718 | AO14: 48.012161 | AP14: 2.6150488 | AR14: 17.230423 | AS14: 2.4688177 | AU14: 4.9734235 | AV14: 1.2422837
A15: Baku (Azerbaijan) | B15: 16.993696 | C15: 0.57153671 | D15: † | E15: 26.24064 | F15: 0.79733561 | G15: † | H15: 41.909457 | I15: 0.8035375 | J15: † | K15: 14.856206 | L15: 0.63830316 | M15: † | N15: 18.617883 | O15: 0.91361773 | P15: ‡ | Q15: 22.847202 | R15: 0.96840928 | S15: ‡ | T15: 43.119618 | U15: 1.1151992 | V15: ‡ | W15: 15.415297 | X15: 0.92058916 | Y15: ‡ | Z15: 15.646933 | AA15: 1.7064539 | AC15: 35.915453 | AD15: 2.7160779 | AF15: 36.736875 | AG15: 2.6205393 | AI15: 11.700739 | AJ15: 1.6887482 | AL15: c | AM15: c | AO15: c | AP15: c | AR15: c | AS15: c | AU15: c | AV15: c
A16: Belgium | B16: 9.7086533 | C16: 0.42436331 | E16: 42.921584 | F16: 0.66988061 | H16: 38.580419 | I16: 0.65152932 | K16: 8.7893441 | L16: 0.33028829 | N16: 11.696786 | O16: 1.1299932 | P16: † | Q16: 35.989312 | R16: 1.6789226 | S16: † | T16: 42.050684 | U16: 1.8826422 | V16: † | W16: 10.263217 | X16: 0.85182232 | Y16: † | Z16: 9.0880077 | AA16: 0.57093916 | AC16: 46.11623 | AD16: 0.9808313 | AF16: 36.701227 | AG16: 1.0248771 | AI16: 8.0945353 | AJ16: 0.55345552 | AL16: 10.23169 | AM16: 1.6696985 | AO16: 48.228746 | AP16: 2.3203707 | AR16: 32.4821 | AS16: 2.1016779 | AU16: 9.0574642 | AV16: 1.4866778
A17: Brazil | B17: 20.193648 | C17: 0.53727746 | E17: 40.927173 | F17: 0.56552668 | H17: 31.478887 | I17: 0.5936593 | K17: 7.4002921 | L17: 0.30297395 | N17: 16.028178 | O17: 0.84892152 | P17: † | Q17: 32.454827 | R17: 1.0298203 | S17: † | T17: 41.249494 | U17: 0.99435072 | V17: † | W17: 10.267502 | X17: 0.55852413 | Y17: † | Z17: 27.665566 | AA17: 1.2004285 | AC17: 50.457674 | AD17: 1.3959105 | AF17: 18.245115 | AG17: 1.0433354 | AI17: 3.631645 | AJ17: 0.43092902 | AL17: 38.856295 | AM17: 5.0719163 | AO17: 47.74653 | AP17: 4.5626213 | AR17: 11.276185 | AS17: 3.0311935 | AU17: 2.1209894 | AV17: 1.4837029
A18: Brunei Darussalam | B18: 11.544169 | C18: 0.46962231 | E18: 33.810006 | F18: 0.64513014 | H18: 45.863784 | I18: 0.63286338 | K18: 8.7820399 | L18: 0.37259807 | N18: 6.8109328 | O18: 0.63442259 | Q18: 28.829989 | R18: 1.1553479 | T18: 54.711767 | U18: 1.1007104 | W18: 9.6473118 | X18: 0.64697342 | Z18: 19.186358 | AA18: 1.1653669 | AC18: 41.938527 | AD18: 1.4026265 | AF18: 32.010895 | AG18: 1.4632755 | AI18: 6.8642199 | AJ18: 0.77016419 | AL18: 25.997856 | AM18: 5.7207173 | AO18: 48.879364 | AP18: 5.877478 | AR18: 23.005253 | AS18: 5.328058 | AU18: 2.1175264 | AV18: 2.0005822
A19: Bulgaria | B19: 22.483708 | C19: 0.70759889 | E19: 36.486174 | F19: 0.73195072 | H19: 30.86069 | I19: 0.76530334 | K19: 10.169428 | L19: 0.42705935 | N19: 23.884324 | O19: 1.1480476 | P19: † | Q19: 29.031611 | R19: 1.0239225 | S19: † | T19: 34.546183 | U19: 1.0504287 | V19: † | W19: 12.537882 | X19: 0.73555235 | Y19: † | Z19: 21.556638 | AA19: 1.3588707 | AC19: 45.490581 | AD19: 1.7563999 | AF19: 25.523316 | AG19: 1.538758 | AI19: 7.4294645 | AJ19: 0.84173096 | AL19: 23.324607 | AM19: 4.7992022 | AO19: 46.718253 | AP19: 6.0153372 | AR19: 22.995132 | AS19: 5.4400891 | AU19: 6.9620071 | AV19: 2.6419741
A20: Cambodia | B20: m | C20: m | E20: m | F20: m | H20: m | I20: m | K20: m | L20: m | N20: m | O20: m | Q20: m | R20: m | T20: m | U20: m | W20: m | X20: m | Z20: m | AA20: m | AC20: m | AD20: m | AF20: m | AG20: m | AI20: m | AJ20: m | AL20: m | AM20: m | AO20: m | AP20: m | AR20: m | AS20: m | AU20: m | AV20: m
A21: Canada* | B21: 16.658678 | C21: 0.40900867 | E21: 45.808426 | F21: 0.55502469 | H21: 30.418613 | I21: 0.50877499 | K21: 7.1142828 | L21: 0.24420467 | N21: 12.271606 | O21: 0.85382255 | P21: † | Q21: 32.560041 | R21: 1.4357127 | S21: † | T21: 43.097044 | U21: 1.4687572 | V21: † | W21: 12.071309 | X21: 1.2160475 | Y21: † | Z21: 17.559391 | AA21: 0.69808347 | AC21: 49.349586 | AD21: 0.92455422 | AF21: 27.147594 | AG21: 0.80461003 | AI21: 5.9434292 | AJ21: 0.3669862 | AL21: 22.928216 | AM21: 1.3889919 | AO21: 54.705447 | AP21: 1.5543524 | AR21: 18.763134 | AS21: 1.2283035 | AU21: 3.6032032 | AV21: 0.65837192
A22: Chile | B22: 23.236262 | C22: 0.67491699 | E22: 37.953979 | F22: 0.79907551 | H22: 30.423519 | I22: 0.68909252 | K22: 8.3862393 | L22: 0.53871044 | N22: 16.620175 | O22: 1.2603924 | P22: † | Q22: 26.99788 | R22: 1.443371 | S22: † | T22: 43.528414 | U22: 1.5847095 | V22: † | W22: 12.85353 | X22: 1.2218793 | Y22: † | Z22: 28.784043 | AA22: 1.2521931 | AC22: 46.205491 | AD22: 1.290933 | AF22: 19.810683 | AG22: 1.0330771 | AI22: 5.1997828 | AJ22: 0.63904358 | AL22: 34.579457 | AM22: 4.5824769 | AO22: 47.343413 | AP22: 4.6263583 | AR22: 14.485251 | AS22: 2.9785805 | AU22: 3.5918796 | AV22: 2.2664002
A23: Colombia | B23: 11.917024 | C23: 0.39013502 | E23: 30.63457 | F23: 0.66924229 | H23: 48.380666 | I23: 0.69316382 | K23: 9.0677403 | L23: 0.55924081 | N23: 11.257585 | O23: 0.73656125 | Q23: 23.256154 | R23: 0.89321679 | T23: 54.638145 | U23: 1.0358649 | W23: 10.848116 | X23: 0.8161088 | Z23: 14.309429 | AA23: 0.95044678 | AC23: 42.066238 | AD23: 1.4030487 | AF23: 36.456886 | AG23: 1.3153942 | AI23: 7.1674473 | AJ23: 0.83513822 | AL23: 22.225114 | AM23: 6.4691949 | AO23: 50.180945 | AP23: 6.2511293 | AR23: 22.193881 | AS23: 5.2781802 | AU23: 5.4000602 | AV23: 3.0440584
A24: Costa Rica | B24: 17.997055 | C24: 0.7074342 | E24: 35.88862 | F24: 0.79868576 | H24: 36.54141 | I24: 0.8860032 | K24: 9.5729142 | L24: 0.38973423 | N24: 12.267679 | O24: 0.88232781 | Q24: 29.380702 | R24: 1.0401374 | T24: 45.344489 | U24: 1.1755241 | W24: 13.007129 | X24: 0.7352127 | Z24: 26.650683 | AA24: 1.7169542 | AC24: 44.669955 | AD24: 1.7931398 | AF24: 23.702796 | AG24: 1.595446 | AI24: 4.9765651 | AJ24: 0.76649129 | AL24: 31.556732 | AM24: 10.902609 | AO24: 39.310233 | AP24: 12.691837 | AR24: 19.40218 | AS24: 7.7711189 | AU24: 9.7308553 | AV24: 5.7392803
A25: Croatia | B25: 12.092593 | C25: 0.41929304 | E25: 42.06972 | F25: 0.65548095 | H25: 37.707686 | I25: 0.67955623 | K25: 8.1300019 | L25: 0.37093599 | N25: 13.757771 | O25: 1.2196875 | Q25: 33.332224 | R25: 1.5631158 | T25: 42.107734 | U25: 1.7705238 | W25: 10.802271 | X25: 1.0248163 | Z25: 12.206922 | AA25: 0.65671555 | AC25: 45.937303 | AD25: 1.1055059 | AF25: 34.383029 | AG25: 1.0415449 | AI25: 7.4727458 | AJ25: 0.57904547 | AL25: 12.531125 | AM25: 2.850781 | AO25: 46.881219 | AP25: 4.2980748 | AR25: 34.084011 | AS25: 3.4739986 | AU25: 6.5036446 | AV25: 1.8896673
A26: Cyprus | B26: 12.279255 | C26: 0.4734788 | D26: † | E26: 34.80804 | F26: 0.74112988 | G26: † | H26: 41.120761 | I26: 0.69439418 | J26: † | K26: 11.791944 | L26: 0.48321911 | M26: † | N26: 13.925465 | O26: 0.70829127 | P26: † | Q26: 30.708328 | R26: 1.1418574 | S26: † | T26: 41.69241 | U26: 1.2010568 | V26: † | W26: 13.673797 | X26: 0.75629103 | Y26: † | Z26: 10.932782 | AA26: 1.0073048 | AC26: 42.024548 | AD26: 1.9807836 | AF26: 38.07674 | AG26: 1.8840089 | AI26: 8.9659303 | AJ26: 0.99272646 | AL26: 19.632166 | AM26: 5.3736352 | AO26: 40.206677 | AP26: 6.667214 | AR26: 27.537765 | AS26: 5.3700718 | AU26: 12.623393 | AV26: 4.6695567
A27: Czechia | B27: 9.4141939 | C27: 0.34153505 | E27: 40.841499 | F27: 0.69725699 | H27: 42.072565 | I27: 0.73181773 | K27: 7.6717415 | L27: 0.33697666 | N27: 13.395442 | O27: 1.0118711 | Q27: 30.814893 | R27: 1.9979055 | T27: 46.500096 | U27: 1.944056 | W27: 9.2895687 | X27: 0.95260981 | Z27: 8.0114962 | AA27: 0.56985777 | AC27: 45.245715 | AD27: 1.0939313 | AF27: 39.856962 | AG27: 1.0996035 | AI27: 6.8858265 | AJ27: 0.51605786 | AL27: 8.0709337 | AM27: 1.1724249 | AO27: 44.310052 | AP27: 3.0014236 | AR27: 39.763293 | AS27: 2.6910479 | AU27: 7.8557222 | AV27: 1.2281355
A28: Denmark* | B28: 12.08675 | C28: 0.48938456 | E28: 50.561953 | F28: 0.79743872 | H28: 33.133939 | I28: 0.74742204 | K28: 4.2173578 | L28: 0.31882177 | N28: 10.234777 | O28: 1.334344 | Q28: 36.167191 | R28: 2.248668 | T28: 47.367081 | U28: 2.0727032 | W28: 6.230951 | X28: 0.96163867 | Z28: 13.72693 | AA28: 0.79283028 | AC28: 55.41495 | AD28: 1.1617171 | AF28: 27.523514 | AG28: 1.1322152 | AI28: 3.3346064 | AJ28: 0.44220864 | AL28: 17.419339 | AM28: 2.9118005 | AO28: 60.587792 | AP28: 4.0861834 | AR28: 17.151664 | AS28: 3.0543172 | AU28: 4.841205 | AV28: 1.72914
A29: Dominican Republic | B29: 16.9991 | C29: 0.59580005 | D29: † | E29: 21.155284 | F29: 0.587987 | G29: † | H29: 45.83922 | I29: 0.73551222 | J29: † | K29: 16.006396 | L29: 0.52444209 | M29: † | N29: 18.43171 | O29: 0.77225445 | P29: † | Q29: 17.767257 | R29: 0.59051186 | S29: † | T29: 47.194234 | U29: 0.87036944 | V29: † | W29: 16.606799 | X29: 0.65390507 | Y29: † | Z29: 16.440119 | AA29: 2.267916 | AC29: 33.657536 | AD29: 2.7074871 | AF29: 36.463468 | AG29: 3.6895105 | AI29: 13.438877 | AJ29: 1.8162819 | AL29: c | AM29: c | AO29: c | AP29: c | AR29: c | AS29: c | AU29: c | AV29: c
A30: El Salvador | B30: 13.097955 | C30: 0.56432772 | E30: 22.678137 | F30: 0.75043845 | H30: 52.745749 | I30: 0.77047602 | K30: 11.478158 | L30: 0.5744944 | N30: 14.166717 | O30: 0.79024138 | Q30: 18.193618 | R30: 0.86914227 | T30: 54.938964 | U30: 1.0748848 | W30: 12.7007 | X30: 0.77240862 | Z30: 13.848646 | AA30: 1.6609212 | AC30: 41.335545 | AD30: 2.7563665 | AF30: 37.507746 | AG30: 2.9614897 | AI30: 7.3080626 | AJ30: 1.4696157 | AL30: c | AM30: c | AO30: c | AP30: c | AR30: c | AS30: c | AU30: c | AV30: c
A31: Estonia | B31: 21.022449 | C31: 0.617051 | E31: 52.841874 | F31: 0.76426845 | H31: 22.049175 | I31: 0.66847896 | K31: 4.0865024 | L31: 0.3017992 | N31: 15.520768 | O31: 1.6843945 | Q31: 42.654039 | R31: 2.5530669 | T31: 34.765445 | U31: 2.33942 | W31: 7.0597472 | X31: 1.2366952 | Z31: 21.932645 | AA31: 0.85940619 | AC31: 55.929651 | AD31: 1.0904432 | AF31: 18.586246 | AG31: 0.81316362 | AI31: 3.5514575 | AJ31: 0.40742293 | AL31: 30.557581 | AM31: 2.3871047 | AO31: 52.20317 | AP31: 2.3682264 | AR31: 14.66445 | AS31: 1.8771365 | AU31: 2.5748001 | AV31: 0.81981408
A32: Finland | B32: 10.618287 | C32: 0.37229814 | E32: 48.602979 | F32: 0.6770732 | H32: 34.832333 | I32: 0.66681263 | K32: 5.9464005 | L32: 0.28912802 | N32: 11.062742 | O32: 1.0124744 | P32: † | Q32: 40.193167 | R32: 1.717941 | S32: † | T32: 40.788622 | U32: 1.5221387 | V32: † | W32: 7.955469 | X32: 0.8626635 | Y32: † | Z32: 11.179266 | AA32: 0.566346 | AC32: 52.152627 | AD32: 1.0857248 | AF32: 31.564231 | AG32: 1.0515492 | AI32: 5.1038754 | AJ32: 0.4193007 | AL32: 12.819562 | AM32: 1.498315 | AO32: 55.960205 | AP32: 2.213164 | AR32: 26.691843 | AS32: 2.2011471 | AU32: 4.5283903 | AV32: 0.84619033
A33: France | B33: 10.048816 | C33: 0.39044276 | E33: 35.812404 | F33: 0.50094661 | H33: 42.137322 | I33: 0.53810834 | K33: 12.001459 | L33: 0.43880829 | N33: 12.567374 | O33: 1.0873881 | P33: † | Q33: 29.886636 | R33: 1.4294239 | S33: † | T33: 43.064173 | U33: 1.4067865 | V33: † | W33: 14.481818 | X33: 1.1234598 | Y33: † | Z33: 8.9189088 | AA33: 0.70862778 | AC33: 38.567014 | AD33: 1.0522772 | AF33: 41.161252 | AG33: 0.99787973 | AI33: 11.352826 | AJ33: 0.68271918 | AL33: 10.96487 | AM33: 1.6968816 | AO33: 38.150708 | AP33: 2.6836176 | AR33: 38.523103 | AS33: 2.5750332 | AU33: 12.361318 | AV33: 1.7426844
A34: Georgia | B34: 17.26508 | C34: 0.53815842 | D34: † | E34: 39.513903 | F34: 0.86259478 | G34: † | H34: 34.727633 | I34: 0.72206663 | J34: † | K34: 8.4933845 | L34: 0.42157013 | M34: † | N34: 17.71697 | O34: 0.80431029 | P34: † | Q34: 34.578767 | R34: 1.1331814 | S34: † | T34: 38.422043 | U34: 1.1686812 | V34: † | W34: 9.2822198 | X34: 0.58700826 | Y34: † | Z34: 20.879312 | AA34: 1.8360592 | AC34: 48.468155 | AD34: 2.7018126 | AF34: 24.112897 | AG34: 2.2719119 | AI34: 6.5396356 | AJ34: 1.1856232 | AL34: c | AM34: c | AO34: c | AP34: c | AR34: c | AS34: c | AU34: c | AV34: c
A35: Germany | B35: 24.021279 | C35: 0.63472246 | E35: 48.116705 | F35: 0.79386134 | H35: 22.003951 | I35: 0.64118056 | K35: 5.8580646 | L35: 0.35830649 | N35: 22.085199 | O35: 1.6501414 | P35: † | Q35: 40.866132 | R35: 2.0303396 | S35: † | T35: 27.014814 | U35: 1.923639 | V35: † | W35: 10.033855 | X35: 1.1615979 | Y35: † | Z35: 24.442422 | AA35: 0.98856506 | AC35: 51.553076 | AD35: 1.1586841 | AF35: 19.548287 | AG35: 0.9817182 | AI35: 4.4562142 | AJ35: 0.49843161 | AL35: 24.283193 | AM35: 2.2639831 | AO35: 48.808708 | AP35: 2.2732633 | AR35: 22.198629 | AS35: 2.2465004 | AU35: 4.7094698 | AV35: 0.96170787
A36: Greece | B36: 7.486098 | C36: 0.39843459 | E36: 33.186223 | F36: 0.55042506 | H36: 48.13315 | I36: 0.60526849 | K36: 11.194529 | L36: 0.42010291 | N36: 10.013986 | O36: 0.74936413 | Q36: 29.137353 | R36: 1.2973992 | T36: 48.337108 | U36: 1.3416675 | W36: 12.511554 | X36: 0.84501694 | Z36: 5.9433955 | AA36: 0.57612172 | AC36: 36.833094 | AD36: 1.1198737 | AF36: 46.392967 | AG36: 1.2000111 | AI36: 10.830544 | AJ36: 0.72512653 | AL36: 6.3908249 | AM36: 2.5768253 | AO36: 39.605494 | AP36: 5.0762531 | AR36: 39.04443 | AS36: 5.6327584 | AU36: 14.95925 | AV36: 4.2854447
A37: Guatemala | B37: m | C37: m | E37: m | F37: m | H37: m | I37: m | K37: m | L37: m | N37: m | O37: m | Q37: m | R37: m | T37: m | U37: m | W37: m | X37: m | Z37: m | AA37: m | AC37: m | AD37: m | AF37: m | AG37: m | AI37: m | AJ37: m | AL37: m | AM37: m | AO37: m | AP37: m | AR37: m | AS37: m | AU37: m | AV37: m
A38: Hong Kong (China)* | B38: 7.3000865 | C38: 0.4334481 | E38: 32.745581 | F38: 0.66317197 | H38: 48.813028 | I38: 0.73127277 | K38: 11.141304 | L38: 0.52042583 | N38: 9.0901118 | O38: 1.2402676 | Q38: 31.800617 | R38: 1.9439229 | T38: 47.416833 | U38: 2.2056866 | W38: 11.692438 | X38: 1.2647874 | Z38: 6.5212433 | AA38: 0.55831607 | AC38: 32.785793 | AD38: 1.0387088 | AF38: 49.480097 | AG38: 1.0451705 | AI38: 11.212867 | AJ38: 0.70070588 | AL38: 7.430401 | AM38: 1.4532948 | AO38: 31.30881 | AP38: 2.6640912 | AR38: 49.782623 | AS38: 2.667621 | AU38: 11.478167 | AV38: 1.6121894
A39: Hungary | B39: 13.402859 | C39: 0.50819758 | E39: 43.379157 | F39: 0.76643224 | H39: 34.714107 | I39: 0.6302113 | K39: 8.5038776 | L39: 0.36240828 | N39: 14.59814 | O39: 1.2571105 | Q39: 32.886675 | R39: 1.7251253 | T39: 43.409015 | U39: 1.6725936 | W39: 9.1061693 | X39: 0.93099147 | Z39: 13.648586 | AA39: 0.79894956 | AC39: 48.58871 | AD39: 1.2437723 | AF39: 29.666468 | AG39: 1.0641507 | AI39: 8.0962357 | AJ39: 0.56124588 | AL39: 14.207265 | AM39: 2.6047353 | AO39: 52.971229 | AP39: 3.580959 | AR39: 25.645946 | AS39: 2.8003354 | AU39: 7.1755597 | AV39: 1.6000928
A40: Iceland | B40: 11.409938 | C40: 0.66775477 | E40: 45.449595 | F40: 0.93794231 | H40: 38.568443 | I40: 0.88254832 | K40: 4.5720233 | L40: 0.39161171 | N40: 11.446685 | O40: 1.0972035 | P40: † | Q40: 37.986703 | R40: 1.7107603 | S40: † | T40: 44.391034 | U40: 1.8547875 | V40: † | W40: 6.1755785 | X40: 0.82342238 | Y40: † | Z40: 12.382376 | AA40: 1.1650837 | AC40: 51.917541 | AD40: 1.7770665 | AF40: 31.838806 | AG40: 1.6063339 | AI40: 3.8612764 | AJ40: 0.76215961 | AL40: 16.876215 | AM40: 5.1069861 | AO40: 59.756278 | AP40: 7.0077714 | AR40: 21.626877 | AS40: 5.5502372 | AU40: 1.7406295 | AV40: 1.6772923
A41: Indonesia | B41: 8.4006699 | C41: 0.39184482 | E41: 26.97113 | F41: 0.75908717 | H41: 54.377205 | I41: 0.811299 | K41: 10.250995 | L41: 0.40294107 | N41: 7.7184491 | O41: 0.51282383 | Q41: 22.98332 | R41: 0.80057126 | T41: 58.584267 | U41: 0.8924388 | W41: 10.713963 | X41: 0.51695701 | Z41: 15.505724 | AA41: 2.4001906 | AC41: 46.366609 | AD41: 2.8239156 | AF41: 30.987713 | AG41: 2.6370913 | AI41: 7.139954 | AJ41: 1.8362291 | AL41: m | AM41: m | AO41: m | AP41: m | AR41: m | AS41: m | AU41: m | AV41: m
A42: Ireland* | B42: 18.360223 | C42: 0.52904026 | E42: 54.522776 | F42: 0.59483965 | H42: 24.076343 | I42: 0.57938347 | K42: 3.0406584 | L42: 0.22361047 | N42: 9.9216554 | O42: 1.6454123 | Q42: 38.757989 | R42: 2.6053885 | T42: 43.590638 | U42: 2.5877119 | W42: 7.7297179 | X42: 1.3189423 | Z42: 20.055523 | AA42: 0.76606704 | AC42: 58.596402 | AD42: 0.89494446 | AF42: 19.431366 | AG42: 0.73680324 | AI42: 1.9167094 | AJ42: 0.24871944 | AL42: 29.57075 | AM42: 2.3284389 | AO42: 57.738838 | AP42: 2.4083356 | AR42: 11.499651 | AS42: 1.6244912 | AU42: 1.1907604 | AV42: 0.61164843
A43: Israel | B43: m | C43: m | E43: m | F43: m | H43: m | I43: m | K43: m | L43: m | N43: m | O43: m | Q43: m | R43: m | T43: m | U43: m | W43: m | X43: m | Z43: m | AA43: m | AC43: m | AD43: m | AF43: m | AG43: m | AI43: m | AJ43: m | AL43: m | AM43: m | AO43: m | AP43: m | AR43: m | AS43: m | AU43: m | AV43: m
A44: Italy | B44: 10.533268 | C44: 0.44514537 | E44: 39.266224 | F44: 0.65314393 | H44: 41.069159 | I44: 0.68980031 | K44: 9.1313493 | L44: 0.29916588 | N44: 13.176138 | O44: 1.1156711 | Q44: 30.207586 | R44: 1.3854889 | T44: 45.723599 | U44: 1.6403732 | W44: 10.892677 | X44: 0.95122639 | Z44: 9.701049 | AA44: 0.62554038 | AC44: 43.099879 | AD44: 1.0316628 | AF44: 38.496545 | AG44: 1.0407718 | AI44: 8.7025268 | AJ44: 0.49992638 | AL44: 11.991767 | AM44: 2.222217 | AO44: 42.622642 | AP44: 2.648751 | AR44: 36.153697 | AS44: 2.944065 | AU44: 9.2318945 | AV44: 1.8823986
A45: Jamaica* | B45: 12.282374 | C45: 0.76686779 | E45: 22.810355 | F45: 0.86575259 | H45: 44.74208 | I45: 1.2887065 | K45: 20.165192 | L45: 1.0802792 | N45: 10.92447 | O45: 1.1086107 | P45: † | Q45: 14.688651 | R45: 1.1576911 | S45: † | T45: 50.520414 | U45: 1.6065613 | V45: † | W45: 23.866465 | X45: 1.6384988 | Y45: † | Z45: 14.881101 | AA45: 1.9464554 | AC45: 36.157478 | AD45: 1.9845366 | AF45: 35.748296 | AG45: 2.2628667 | AI45: 13.213125 | AJ45: 1.3299373 | AL45: 27.752448 | AM45: 11.779633 | AO45: 44.772339 | AP45: 11.527862 | AR45: 15.347147 | AS45: 7.7415483 | AU45: 12.128066 | AV45: 9.3382912
A46: Japan | B46: 21.925536 | C46: 0.46856726 | E46: 49.078402 | F46: 0.71963832 | H46: 21.61769 | I46: 0.59956349 | K46: 7.3783722 | L46: 0.37580126 | N46: 23.159999 | O46: 1.6935105 | Q46: 39.297287 | R46: 2.0328597 | T46: 25.4493 | U46: 1.8963489 | W46: 12.093414 | X46: 1.295937 | Z46: 21.863364 | AA46: 0.88920524 | AC46: 50.914843 | AD46: 1.0629241 | AF46: 20.880369 | AG46: 0.90054181 | AI46: 6.3414247 | AJ46: 0.52441309 | AL46: 25.433327 | AM46: 2.1409779 | AO46: 53.389806 | AP46: 2.4492952 | AR46: 15.985528 | AS46: 1.7633879 | AU46: 5.1913391 | AV46: 1.1749004
A47: Jordan | B47: 19.127163 | C47: 0.62123053 | E47: 29.967265 | F47: 0.79569133 | H47: 36.880799 | I47: 0.72039679 | K47: 14.024772 | L47: 0.50702242 | N47: 20.581324 | O47: 0.73059009 | P47: † | Q47: 27.881475 | R47: 0.79885143 | S47: † | T47: 37.468101 | U47: 0.89682111 | V47: † | W47: 14.0691 | X47: 0.54550618 | Y47: † | Z47: 16.790396 | AA47: 3.3276845 | AC47: 38.883939 | AD47: 3.3785889 | AF47: 30.542595 | AG47: 4.1210368 | AI47: 13.783071 | AJ47: 2.5530208 | AL47: m | AM47: m | AO47: m | AP47: m | AR47: m | AS47: m | AU47: m | AV47: m
A48: Kazakhstan | B48: 19.723082 | C48: 0.36224282 | E48: 47.149265 | F48: 0.47542392 | H48: 28.603337 | I48: 0.45258684 | K48: 4.5243157 | L48: 0.21757096 | N48: 18.356508 | O48: 0.45843174 | Q48: 45.414008 | R48: 0.62876011 | T48: 31.257709 | U48: 0.57721479 | W48: 4.9717743 | X48: 0.30315204 | Z48: 28.847221 | AA48: 1.2600592 | AC48: 48.542769 | AD48: 1.5759312 | AF48: 18.554623 | AG48: 0.98604579 | AI48: 4.0553879 | AJ48: 0.66990427 | AL48: 33.032081 | AM48: 6.10494 | AO48: 48.925637 | AP48: 7.3624414 | AR48: 13.367746 | AS48: 5.2424036 | AU48: 4.6745359 | AV48: 2.5938523
A49: Korea | B49: 14.929393 | C49: 0.50590951 | E49: 39.601637 | F49: 1.0038024 | H49: 36.295365 | I49: 0.981133 | K49: 9.1736052 | L49: 0.54430663 | N49: 14.181533 | O49: 2.0573836 | Q49: 36.591338 | R49: 2.9562365 | T49: 39.091372 | U49: 2.9184052 | W49: 10.135757 | X49: 1.7874747 | Z49: 15.463365 | AA49: 0.83266152 | AC49: 40.081419 | AD49: 1.3260995 | AF49: 35.88361 | AG49: 1.3613853 | AI49: 8.5716066 | AJ49: 0.69335154 | AL49: 14.803068 | AM49: 2.0286907 | AO49: 42.797223 | AP49: 2.8268945 | AR49: 33.508002 | AS49: 2.6050871 | AU49: 8.8917067 | AV49: 1.3659806
A50: Kosovo | B50: 13.103825 | C50: 0.48043086 | E50: 20.748267 | F50: 0.74782512 | H50: 47.119385 | I50: 0.85107537 | K50: 19.028523 | L50: 0.72677673 | N50: 13.920153 | O50: 0.62166335 | Q50: 18.814259 | R50: 0.84262474 | T50: 47.64046 | U50: 0.95556805 | W50: 19.625128 | X50: 0.81080814 | Z50: 10.955083 | AA50: 3.8203594 | AC50: 36.741013 | AD50: 6.54461 | AF50: 41.825658 | AG50: 6.4265709 | AI50: 10.478246 | AJ50: 4.0964144 | AL50: m | AM50: m | AO50: m | AP50: m | AR50: m | AS50: m | AU50: m | AV50: m
A51: Latvia* | B51: 13.619107 | C51: 0.5226358 | E51: 45.171058 | F51: 0.68174282 | H51: 35.467684 | I51: 0.73367269 | K51: 5.7421511 | L51: 0.34245068 | N51: 13.183316 | O51: 1.2565849 | Q51: 36.434967 | R51: 1.7833473 | T51: 43.30082 | U51: 1.7551944 | W51: 7.0808966 | X51: 0.96057833 | Z51: 14.904356 | AA51: 0.98899081 | AC51: 48.734043 | AD51: 1.1687452 | AF51: 31.387675 | AG51: 1.0979201 | AI51: 4.9739261 | AJ51: 0.51822329 | AL51: 23.069616 | AM51: 3.9331097 | AO51: 56.378625 | AP51: 4.2715704 | AR51: 18.145244 | AS51: 4.0637777 | AU51: 2.4065151 | AV51: 1.3345472
A52: Lithuania | B52: 10.434931 | C52: 0.40122552 | E52: 47.081452 | F52: 0.67021719 | H52: 37.158171 | I52: 0.7323001 | K52: 5.3254456 | L52: 0.28074426 | N52: 13.667489 | O52: 1.0059053 | Q52: 38.68581 | R52: 1.3365304 | T52: 40.264513 | U52: 1.4632214 | W52: 7.3821883 | X52: 0.80706298 | Z52: 9.9119458 | AA52: 0.65168176 | AC52: 52.570104 | AD52: 1.1375075 | AF52: 33.358022 | AG52: 1.1569706 | AI52: 4.159929 | AJ52: 0.41993239 | AL52: 9.6843884 | AM52: 2.2365381 | AO52: 55.620135 | AP52: 4.2997789 | AR52: 31.653354 | AS52: 3.8160287 | AU52: 3.0421231 | AV52: 1.5579164
A53: Macao (China) | B53: 7.376883 | C53: 0.39439635 | E53: 33.454506 | F53: 0.74080552 | H53: 47.926567 | I53: 0.71946303 | K53: 11.242045 | L53: 0.41236514 | N53: 5.1902089 | O53: 1.1639865 | Q53: 33.347282 | R53: 2.2570107 | T53: 53.302705 | U53: 2.5919453 | W53: 8.1598037 | X53: 1.3154257 | Z53: 8.3205077 | AA53: 0.5554325 | AC53: 33.072717 | AD53: 1.0156336 | AF53: 46.818178 | AG53: 1.0485496 | AI53: 11.788597 | AJ53: 0.64307984 | AL53: 7.7284184 | AM53: 1.671398 | AO53: 34.79106 | AP53: 2.8863492 | AR53: 44.555913 | AS53: 3.1506038 | AU53: 12.924609 | AV53: 1.9694968
A54: Malaysia | B54: 9.5288598 | C54: 0.38597109 | E54: 28.593244 | F54: 0.67416039 | H54: 54.696413 | I54: 0.74929676 | K54: 7.1814834 | L54: 0.38899994 | N54: 10.249829 | O54: 0.5677046 | Q54: 27.957168 | R54: 0.88806949 | T54: 54.968532 | U54: 1.0225361 | W54: 6.8244715 | X54: 0.54390497 | Z54: 14.46051 | AA54: 1.3110934 | AC54: 35.300975 | AD54: 2.1094307 | AF54: 43.050081 | AG54: 1.7922521 | AI54: 7.1884348 | AJ54: 1.0361669 | AL54: c | AM54: c | AO54: c | AP54: c | AR54: c | AS54: c | AU54: c | AV54: c
A55: Malta | B55: 13.981509 | C55: 0.58988516 | E55: 35.514857 | F55: 1.002505 | H55: 38.516962 | I55: 0.98161824 | K55: 11.986672 | L55: 0.68159597 | N55: 11.976977 | O55: 1.2479516 | Q55: 24.777713 | R55: 1.5768472 | T55: 48.396107 | U55: 1.9219465 | W55: 14.849203 | X55: 1.4301769 | Z55: 15.914259 | AA55: 1.1799472 | AC55: 43.785056 | AD55: 1.9171379 | AF55: 30.842923 | AG55: 1.7806895 | AI55: 9.4577611 | AJ55: 0.87608309 | AL55: 20.316895 | AM55: 4.6375464 | AO55: 51.371063 | AP55: 5.3849558 | AR55: 21.562591 | AS55: 4.2510137 | AU55: 6.749452 | AV55: 2.569451
A56: Mexico | B56: 11.816812 | C56: 0.47648393 | E56: 29.747805 | F56: 0.6411231 | H56: 49.392588 | I56: 0.76438803 | K56: 9.0427955 | L56: 0.45535038 | N56: 10.605591 | O56: 0.64587352 | Q56: 22.560907 | R56: 0.89656699 | T56: 56.476472 | U56: 1.1479698 | W56: 10.357031 | X56: 0.76611196 | Z56: 15.699553 | AA56: 1.3287796 | AC56: 41.514979 | AD56: 1.5612116 | AF56: 35.795484 | AG56: 1.7360503 | AI56: 6.9899841 | AJ56: 0.7517776 | AL56: 15.102572 | AM56: 9.6197664 | AO56: 59.584678 | AP56: 13.523981 | AR56: 21.060588 | AS56: 9.3708284 | AU56: 4.2521626 | AV56: 5.9393278
A57: Moldova | B57: 8.4781242 | C57: 0.40877506 | E57: 25.545278 | F57: 0.5657892 | H57: 55.80024 | I57: 0.72816859 | K57: 10.176358 | L57: 0.4198183 | N57: 11.152709 | O57: 0.72154339 | Q57: 24.624485 | R57: 1.0399104 | T57: 55.422192 | U57: 1.1285791 | W57: 8.8006148 | X57: 0.65179475 | Z57: 7.2257742 | AA57: 0.87770994 | AC57: 30.545354 | AD57: 1.5015352 | AF57: 50.704346 | AG57: 1.7873546 | AI57: 11.524526 | AJ57: 0.93720721 | AL57: 12.941243 | AM57: 8.1176715 | AO57: 32.80525 | AP57: 11.992063 | AR57: 32.161173 | AS57: 10.376482 | AU57: 22.092334 | AV57: 9.3890844
A58: Mongolia | B58: 19.065176 | C58: 0.43440339 | E58: 26.283359 | F58: 0.58309489 | H58: 41.006753 | I58: 0.68876589 | K58: 13.644712 | L58: 0.46762918 | N58: 19.778219 | O58: 0.67871661 | Q58: 21.972817 | R58: 0.70134771 | T58: 44.338339 | U58: 0.94294222 | W58: 13.910624 | X58: 0.65558516 | Z58: 19.409905 | AA58: 2.1354089 | AC58: 40.855756 | AD58: 2.5715884 | AF58: 26.908767 | AG58: 2.6954697 | AI58: 12.825571 | AJ58: 2.0050854 | AL58: m | AM58: m | AO58: m | AP58: m | AR58: m | AS58: m | AU58: m | AV58: m
A59: Montenegro | B59: 15.712497 | C59: 0.52368556 | E59: 31.788244 | F59: 0.65326494 | H59: 39.228453 | I59: 0.67785927 | K59: 13.270807 | L59: 0.49437492 | N59: 17.49495 | O59: 0.83664775 | Q59: 27.618183 | R59: 0.99417509 | T59: 41.406799 | U59: 1.1304782 | W59: 13.480068 | X59: 0.7958068 | Z59: 14.42618 | AA59: 1.2132423 | AC59: 36.47603 | AD59: 1.7190635 | AF59: 36.589909 | AG59: 1.5167853 | AI59: 12.507881 | AJ59: 0.99207356 | AL59: 11.152724 | AM59: 7.4179102 | AO59: 41.032314 | AP59: 13.197142 | AR59: 37.674068 | AS59: 10.975242 | AU59: 10.140894 | AV59: 7.5498772
A60: Morocco | B60: 18.319619 | C60: 0.65226173 | E60: 30.207207 | F60: 0.71860825 | H60: 41.804088 | I60: 0.79576743 | K60: 9.6690861 | L60: 0.41256873 | N60: 19.231563 | O60: 0.78209763 | Q60: 28.626163 | R60: 0.76920733 | T60: 41.894262 | U60: 0.86103144 | W60: 10.248012 | X60: 0.50920901 | Z60: 18.193268 | AA60: 3.4721142 | AC60: 38.295291 | AD60: 4.8365478 | AF60: 36.542933 | AG60: 4.9793899 | AI60: 6.9685081 | AJ60: 1.9005701 | AL60: m | AM60: m | AO60: m | AP60: m | AR60: m | AS60: m | AU60: m | AV60: m
A61: Netherlands* | B61: 7.5508579 | C61: 0.4044589 | E61: 33.598304 | F61: 0.83385726 | H61: 49.679265 | I61: 0.86843584 | K61: 9.1715736 | L61: 0.46432364 | N61: 9.595089 | O61: 0.97893037 | P61: † | Q61: 28.085822 | R61: 1.61424 | S61: † | T61: 52.458138 | U61: 1.7286215 | V61: † | W61: 9.8609511 | X61: 1.0752898 | Y61: † | Z61: 6.940087 | AA61: 0.63637442 | AC61: 38.523487 | AD61: 1.4945942 | AF61: 46.271219 | AG61: 1.4723862 | AI61: 8.2652073 | AJ61: 0.67796932 | AL61: 7.6095605 | AM61: 1.9738989 | AO61: 42.563648 | AP61: 3.4504258 | AR61: 39.055126 | AS61: 3.4896535 | AU61: 10.771665 | AV61: 2.0656659
A62: New Zealand* | B62: 17.310377 | C62: 0.53025264 | E62: 47.798199 | F62: 0.77312129 | H62: 30.374567 | I62: 0.78594758 | K62: 4.5168568 | L62: 0.34265215 | N62: 12.334274 | O62: 1.4721074 | P62: † | Q62: 32.863817 | R62: 2.037869 | S62: † | T62: 47.336418 | U62: 2.2434647 | V62: † | W62: 7.465491 | X62: 1.1701868 | Y62: † | Z62: 19.247707 | AA62: 0.93325557 | AC62: 52.077181 | AD62: 1.4324655 | AF62: 25.121079 | AG62: 1.1427399 | AI62: 3.5540334 | AJ62: 0.51418433 | AL62: 25.602698 | AM62: 2.4071338 | AO62: 58.874427 | AP62: 2.6903461 | AR62: 13.796808 | AS62: 1.7172596 | AU62: 1.7260657 | AV62: 0.71293072
A63: North Macedonia | B63: 12.292838 | C63: 0.48453103 | E63: 27.684985 | F63: 0.62548525 | H63: 44.46561 | I63: 0.65393516 | K63: 15.556567 | L63: 0.44918282 | N63: 12.972933 | O63: 0.60025362 | Q63: 23.497212 | R63: 0.77861541 | T63: 46.488157 | U63: 0.85286357 | W63: 17.041697 | X63: 0.58540949 | Z63: 12.110626 | AA63: 2.0890497 | AC63: 41.964335 | AD63: 3.038163 | AF63: 36.14807 | AG63: 3.1375387 | AI63: 9.7769688 | AJ63: 1.8645824 | AL63: m | AM63: m | AO63: m | AP63: m | AR63: m | AS63: m | AU63: m | AV63: m
A64: Norway | B64: 15.667461 | C64: 0.56221417 | E64: 43.051533 | F64: 0.74971158 | H64: 33.883693 | I64: 0.61321742 | K64: 7.3973128 | L64: 0.34591997 | N64: 16.954974 | O64: 1.2250017 | P64: † | Q64: 33.890159 | R64: 1.4731495 | S64: † | T64: 37.710799 | U64: 1.5494067 | V64: † | W64: 11.444068 | X64: 0.96761443 | Y64: † | Z64: 15.463746 | AA64: 0.91918737 | AC64: 47.228743 | AD64: 1.2274962 | AF64: 31.418146 | AG64: 0.97396473 | AI64: 5.8893646 | AJ64: 0.59399273 | AL64: 18.925994 | AM64: 2.0965789 | AO64: 53.120886 | AP64: 2.8459172 | AR64: 23.948971 | AS64: 2.0006268 | AU64: 4.004149 | AV64: 1.1384636
A65: Palestinian Authority | B65: 14.88217 | C65: 0.52863585 | E65: 25.632824 | F65: 0.67022483 | H65: 44.391191 | I65: 0.71674412 | K65: 15.093815 | L65: 0.50011435 | N65: 16.126848 | O65: 0.62109563 | Q65: 23.281105 | R65: 0.8034504 | T65: 45.339159 | U65: 0.84335641 | W65: 15.252887 | X65: 0.61514709 | Z65: 11.505926 | AA65: 2.6221246 | AC65: 36.287588 | AD65: 3.6638694 | AF65: 37.821516 | AG65: 3.4810834 | AI65: 14.384971 | AJ65: 2.7263133 | AL65: m | AM65: m | AO65: m | AP65: m | AR65: m | AS65: m | AU65: m | AV65: m
A66: Panama* | B66: 13.406137 | C66: 0.66822847 | D66: † | E66: 26.130571 | F66: 0.9070789 | G66: † | H66: 44.820288 | I66: 1.0353117 | J66: † | K66: 15.643004 | L66: 0.77729952 | M66: † | N66: 12.039903 | O66: 0.98399311 | P66: † | Q66: 19.62487 | R66: 1.3679465 | S66: † | T66: 49.652818 | U66: 1.5091223 | V66: † | W66: 18.682409 | X66: 1.2737483 | Y66: † | Z66: 18.34609 | AA66: 2.0896987 | AC66: 37.123296 | AD66: 2.6299657 | AF66: 35.655224 | AG66: 2.5738672 | AI66: 8.8753902 | AJ66: 1.5907791 | AL66: 31.534122 | AM66: 12.550851 | AO66: 34.159791 | AP66: 11.062344 | AR66: 28.785008 | AS66: 10.742435 | AU66: 5.5210795 | AV66: 5.7853803
A67: Paraguay | B67: m | C67: m | E67: m | F67: m | H67: m | I67: m | K67: m | L67: m | N67: m | O67: m | Q67: m | R67: m | T67: m | U67: m | W67: m | X67: m | Z67: m | AA67: m | AC67: m | AD67: m | AF67: m | AG67: m | AI67: m | AJ67: m | AL67: m | AM67: m | AO67: m | AP67: m | AR67: m | AS67: m | AU67: m | AV67: m
A68: Peru | B68: 10.756739 | C68: 0.37802599 | E68: 32.859099 | F68: 0.66586709 | H68: 48.551558 | I68: 0.69939016 | K68: 7.8326041 | L68: 0.39337552 | N68: 8.2761623 | O68: 0.55263821 | Q68: 26.096162 | R68: 0.93968888 | T68: 56.984881 | U68: 1.0851983 | W68: 8.6427942 | X68: 0.65653828 | Z68: 16.578984 | AA68: 1.1124941 | AC68: 43.087658 | AD68: 1.4244761 | AF68: 34.057174 | AG68: 1.3685868 | AI68: 6.2761842 | AJ68: 0.76221719 | AL68: 20.045146 | AM68: 7.6471344 | AO68: 47.363029 | AP68: 8.4941392 | AR68: 27.408271 | AS68: 9.0319904 | AU68: 5.1835545 | AV68: 4.0176882
A69: Philippines | B69: 8.8675739 | C69: 0.39263028 | E69: 26.482268 | F69: 0.64646341 | H69: 56.843439 | I69: 0.64868048 | K69: 7.8067192 | L69: 0.29792153 | N69: 9.0691573 | O69: 0.46137632 | Q69: 24.240713 | R69: 0.76299199 | T69: 59.804293 | U69: 0.78838351 | W69: 6.8858367 | X69: 0.36635767 | Z69: 13.899195 | AA69: 1.6900679 | AC69: 44.927998 | AD69: 2.4440935 | AF69: 34.187801 | AG69: 2.1953645 | AI69: 6.9850058 | AJ69: 1.3780591 | AL69: c | AM69: c | AO69: c | AP69: c | AR69: c | AS69: c | AU69: c | AV69: c
A70: Poland | B70: 12.234223 | C70: 0.51878271 | E70: 41.139615 | F70: 0.77896707 | H70: 36.937595 | I70: 0.6984871 | K70: 9.6885669 | L70: 0.37881033 | N70: 18.517115 | O70: 1.5766101 | Q70: 34.768601 | R70: 1.9592797 | T70: 37.410804 | U70: 2.1411236 | W70: 9.3034805 | X70: 1.1440429 | Z70: 10.623507 | AA70: 0.65091429 | AC70: 43.561555 | AD70: 1.1534698 | AF70: 36.078214 | AG70: 1.1196605 | AI70: 9.7367242 | AJ70: 0.55983228 | AL70: 10.098801 | AM70: 1.4912638 | AO70: 42.792334 | AP70: 2.2522 | AR70: 35.704873 | AS70: 2.4746315 | AU70: 11.403992 | AV70: 1.7881305
A71: Portugal | B71: 10.395487 | C71: 0.35712269 | E71: 43.772588 | F71: 0.52413523 | H71: 37.370402 | I71: 0.54336262 | K71: 8.4615237 | L71: 0.40521068 | N71: 7.941506 | O71: 0.76341453 | Q71: 29.03075 | R71: 1.4270413 | T71: 50.139645 | U71: 1.609612 | W71: 12.888099 | X71: 1.2205046 | Z71: 11.931686 | AA71: 0.65551445 | AC71: 50.967492 | AD71: 1.1162385 | AF71: 30.659607 | AG71: 0.93868139 | AI71: 6.4412157 | AJ71: 0.56842649 | AL71: 13.561099 | AM71: 2.8031685 | AO71: 56.198166 | AP71: 3.5339165 | AR71: 25.330288 | AS71: 2.6180465 | AU71: 4.910448 | AV71: 1.5819131
A72: Qatar | B72: 15.553719 | C72: 0.49394159 | E72: 29.693389 | F72: 0.70085533 | H72: 40.029836 | I72: 0.77638826 | K72: 14.723056 | L72: 0.47769542 | N72: 18.018729 | O72: 0.85363459 | P72: † | Q72: 24.035168 | R72: 1.0931163 | S72: † | T72: 42.281486 | U72: 1.3342584 | V72: † | W72: 15.664617 | X72: 0.9619635 | Y72: † | Z72: 15.541236 | AA72: 1.1310704 | AC72: 37.691685 | AD72: 1.6485573 | AF72: 34.408209 | AG72: 1.4209536 | AI72: 12.358871 | AJ72: 1.0949018 | AL72: 22.558289 | AM72: 4.9394603 | AO72: 52.924642 | AP72: 6.2832247 | AR72: 19.275553 | AS72: 4.5166023 | AU72: 5.2415153 | AV72: 2.3911716
A73: Romania | B73: 11.269374 | C73: 0.37905784 | E73: 31.561342 | F73: 0.69791188 | H73: 45.97097 | I73: 0.66427321 | K73: 11.198315 | L73: 0.45834913 | N73: 12.613615 | O73: 0.7882083 | Q73: 22.193833 | R73: 1.0038234 | T73: 52.196966 | U73: 1.221781 | W73: 12.995586 | X73: 0.83540952 | Z73: 11.971689 | AA73: 0.68867395 | AC73: 41.703594 | AD73: 1.1242487 | AF73: 37.251996 | AG73: 1.2373609 | AI73: 9.0727213 | AJ73: 0.72993643 | AL73: 10.023444 | AM73: 3.2154918 | AO73: 49.331996 | AP73: 5.365741 | AR73: 31.802924 | AS73: 5.2439815 | AU73: 8.841637 | AV73: 2.9062767
A74: Saudi Arabia | B74: 14.329836 | C74: 0.56149554 | E74: 26.446586 | F74: 0.53859372 | H74: 41.156633 | I74: 0.67814543 | K74: 18.066945 | L74: 0.46404818 | N74: 14.875464 | O74: 0.71359545 | Q74: 23.871501 | R74: 0.77391745 | T74: 42.626814 | U74: 0.98465778 | W74: 18.626221 | X74: 0.64486596 | Z74: 16.322568 | AA74: 1.901461 | AC74: 35.423333 | AD74: 2.2047764 | AF74: 33.635069 | AG74: 2.4177584 | AI74: 14.61903 | AJ74: 1.5532726 | AL74: c | AM74: c | AO74: c | AP74: c | AR74: c | AS74: c | AU74: c | AV74: c
A75: Serbia | B75: 13.652651 | C75: 0.55633255 | E75: 37.612443 | F75: 0.70205736 | H75: 37.992286 | I75: 0.87368139 | K75: 10.74262 | L75: 0.39528048 | N75: 14.550069 | O75: 0.91713636 | Q75: 30.539669 | R75: 1.2172311 | T75: 42.836439 | U75: 1.4877888 | W75: 12.073824 | X75: 0.83451584 | Z75: 13.419155 | AA75: 0.95083346 | AC75: 42.72703 | AD75: 1.256707 | AF75: 34.12127 | AG75: 1.3431263 | AI75: 9.7325454 | AJ75: 0.67833001 | AL75: 15.656858 | AM75: 5.4821904 | AO75: 40.931592 | AP75: 6.4163595 | AR75: 32.954004 | AS75: 7.1895883 | AU75: 10.457546 | AV75: 3.8249203
A76: Singapore | B76: 19.379181 | C76: 0.5517359 | E76: 41.490117 | F76: 0.54236354 | H76: 30.633554 | I76: 0.65650201 | K76: 8.4971487 | L76: 0.34561951 | N76: 10.148537 | O76: 1.5066707 | Q76: 28.319035 | R76: 2.2564992 | T76: 49.4378 | U76: 2.1164869 | W76: 12.094627 | X76: 1.2682137 | Z76: 21.515853 | AA76: 0.77289224 | AC76: 43.576103 | AD76: 0.89544248 | AF76: 27.089872 | AG76: 0.83693386 | AI76: 7.818173 | AJ76: 0.5721534 | AL76: 22.558435 | AM76: 1.1381182 | AO76: 46.969087 | AP76: 1.6568665 | AR76: 23.063156 | AS76: 1.2190882 | AU76: 7.4093227 | AV76: 0.85640072
A77: Slovak Republic | B77: 13.340351 | C77: 0.4550626 | E77: 42.762882 | F77: 0.68262466 | H77: 36.415396 | I77: 0.82425004 | K77: 7.4813703 | L77: 0.36271878 | N77: 18.40413 | O77: 1.0341832 | Q77: 33.06395 | R77: 1.3578744 | T77: 40.259171 | U77: 1.544932 | W77: 8.2727496 | X77: 0.77224562 | Z77: 11.390513 | AA77: 0.78281047 | AC77: 48.722526 | AD77: 1.3550396 | AF77: 33.347412 | AG77: 1.52686 | AI77: 6.5395484 | AJ77: 0.74552284 | AL77: 12.429462 | AM77: 3.0250671 | AO77: 52.582026 | AP77: 4.4397953 | AR77: 27.620731 | AS77: 3.8467152 | AU77: 7.3677808 | AV77: 2.5232718
A78: Slovenia | B78: 11.539167 | C78: 0.49180643 | E78: 40.600275 | F78: 0.78690155 | H78: 39.313454 | I78: 0.74948437 | K78: 8.5471034 | L78: 0.50473874 | N78: 14.598126 | O78: 1.219758 | Q78: 34.287914 | R78: 1.8209445 | T78: 40.69483 | U78: 1.8302639 | W78: 10.41913 | X78: 1.1636456 | Z78: 10.999004 | AA78: 0.86991564 | AC78: 45.451872 | AD78: 1.2270678 | AF78: 35.894352 | AG78: 1.2489123 | AI78: 7.6547724 | AJ78: 0.85717563 | AL78: 14.873475 | AM78: 3.1750206 | AO78: 50.227117 | AP78: 4.520519 | AR78: 29.719904 | AS78: 4.0054774 | AU78: 5.1795035 | AV78: 2.1312842
A79: Spain | B79: 13.17155 | C79: 0.26532967 | E79: 39.695155 | F79: 0.50363662 | H79: 37.600758 | I79: 0.45457772 | K79: 9.5325374 | L79: 0.26857806 | N79: 14.939203 | O79: 0.73083533 | Q79: 29.005531 | R79: 1.0249458 | T79: 43.404068 | U79: 1.2277638 | W79: 12.651198 | X79: 0.71122531 | Z79: 12.767421 | AA79: 0.43430999 | AC79: 44.962575 | AD79: 0.77655625 | AF79: 33.961538 | AG79: 0.72038718 | AI79: 8.3084662 | AJ79: 0.40103264 | AL79: 14.512398 | AM79: 1.6615727 | AO79: 48.455046 | AP79: 2.2042498 | AR79: 28.474057 | AS79: 1.9607505 | AU79: 8.5584982 | AV79: 1.3855021
A80: Sweden | B80: 23.321228 | C80: 0.65646805 | E80: 47.12801 | F80: 0.79639272 | H80: 24.453779 | I80: 0.60041628 | K80: 5.0969833 | L80: 0.3077738 | N80: 25.852838 | O80: 1.8257846 | Q80: 35.610725 | R80: 1.7509097 | T80: 30.433083 | U80: 1.750594 | W80: 8.1033533 | X80: 0.92039753 | Z80: 23.125237 | AA80: 0.93256034 | AC80: 50.923453 | AD80: 1.2027386 | AF80: 21.770713 | AG80: 1.0318827 | AI80: 4.1805968 | AJ80: 0.46658167 | AL80: 23.354189 | AM80: 2.0597662 | AO80: 56.136747 | AP80: 3.0193064 | AR80: 17.784036 | AS80: 2.0828009 | AU80: 2.7250279 | AV80: 0.95714877
A81: Switzerland | B81: 17.359263 | C81: 0.52757877 | E81: 43.781079 | F81: 0.86549638 | H81: 30.213086 | I81: 0.70827817 | K81: 8.6465724 | L81: 0.43543152 | N81: 18.187709 | O81: 1.4694704 | Q81: 37.727886 | R81: 2.210004 | T81: 32.680136 | U81: 1.8014517 | W81: 11.404269 | X81: 1.1531204 | Z81: 17.542218 | AA81: 0.83250401 | AC81: 46.781951 | AD81: 1.2278406 | AF81: 28.415363 | AG81: 1.0018998 | AI81: 7.2604679 | AJ81: 0.58370454 | AL81: 17.78181 | AM81: 2.127374 | AO81: 45.96115 | AP81: 2.6525604 | AR81: 27.407778 | AS81: 2.2175696 | AU81: 8.8492616 | AV81: 1.6641843
